Date,rate_TSLA,rate_VOO,Sector,rate_APTV,rate_AMZN,rate_NKE,rate_LOW,rate_NIO,rate_F,rate_HD
2022-01-03,0.0,0.0,Consumer Cyclical,0.0,0.0,0.0,0.0,0.0,0.0,0.0
2022-01-04,-2.03,-0.02,Consumer Cyclical,1.84,-0.83,0.52,0.83,-2.82,5.83,0.51
2022-01-05,-4.53,-0.97,Consumer Cyclical,0.67,-1.75,-0.73,-0.15,-5.36,4.34,-0.17
2022-01-06,-5.48,-1.04,Consumer Cyclical,2.41,-2.07,-1.1,0.44,-6.21,6.17,-0.35
2022-01-07,-7.01,-1.21,Consumer Cyclical,1.02,-2.27,-2.32,-0.85,-6.23,6.12,-1.83
2022-01-10,-5.74,-1.27,Consumer Cyclical,-0.29,-2.58,-4.3,-1.51,-6.81,4.77,-2.58
2022-01-11,-5.34,-0.63,Consumer Cyclical,-2.7,-0.86,-4.36,-0.98,-4.19,6.44,-2.72
2022-01-12,-2.65,-0.4,Consumer Cyclical,-2.66,-0.93,-3.47,-0.62,-0.28,6.84,-2.22
2022-01-13,-7.45,-1.43,Consumer Cyclical,-3.2,-2.7,-4.69,-0.62,-3.11,8.68,-2.66
2022-01-14,-6.29,-1.41,Consumer Cyclical,-5.88,-2.29,-5.35,-2.77,-2.0,9.25,-5.43
2022-01-18,-7.52,-2.7,Consumer Cyclical,-7.25,-3.72,-5.92,-4.23,-5.16,6.54,-6.4
2022-01-19,-9.76,-3.45,Consumer Cyclical,-8.9,-4.89,-6.78,-5.32,-7.47,0.09,-7.7
2022-01-20,-9.72,-4.24,Consumer Cyclical,-10.64,-6.95,-7.89,-8.48,-6.29,-2.58,-9.57
2022-01-21,-13.09,-5.63,Consumer Cyclical,-11.45,-10.96,-7.78,-8.16,-10.48,-5.92,-9.65
2022-01-24,-13.98,-5.34,Consumer Cyclical,-11.58,-10.11,-6.36,-6.01,-16.33,-6.79,-6.94
2022-01-25,-14.89,-6.33,Consumer Cyclical,-13.71,-12.54,-6.65,-6.83,-19.42,-8.41,-7.99
2022-01-26,-13.4,-6.51,Consumer Cyclical,-14.1,-13.13,-7.47,-7.49,-22.65,-8.69,-8.36
2022-01-27,-21.88,-6.91,Consumer Cyclical,-15.81,-12.72,-7.11,-8.25,-27.08,-10.11,-8.55
2022-01-28,-20.53,-4.96,Consumer Cyclical,-16.37,-10.41,-6.41,-5.09,-27.68,-10.15,-6.34
2022-01-31,-13.45,-3.46,Consumer Cyclical,-13.36,-7.43,-5.23,-4.27,-17.36,-7.15,-6.25
2022-02-01,-13.49,-2.79,Consumer Cyclical,-11.02,-6.3,-4.98,-3.78,-15.82,-5.44,-5.66
2022-02-02,-15.6,-1.97,Consumer Cyclical,-11.13,-6.62,-4.7,-3.5,-19.08,-5.56,-4.52
2022-02-03,-16.8,-4.0,Consumer Cyclical,-15.61,-13.17,-6.64,-5.31,-20.98,-8.62,-6.55
2022-02-04,-14.14,-3.6,Consumer Cyclical,-15.42,-2.71,-6.6,-7.13,-18.48,-16.58,-7.72
2022-02-07,-15.46,-3.88,Consumer Cyclical,-16.18,-2.55,-6.74,-7.87,-18.39,-16.87,-8.24
2022-02-08,-14.19,-3.15,Consumer Cyclical,-14.14,-0.51,-7.72,-6.06,-16.14,-17.62,-7.26
2022-02-09,-13.32,-1.81,Consumer Cyclical,-11.11,-0.64,-6.06,-5.34,-11.61,-14.86,-6.56
2022-02-10,-15.7,-3.44,Consumer Cyclical,-13.13,-1.92,-6.93,-7.73,-14.02,-16.04,-8.79
2022-02-11,-19.56,-5.24,Consumer Cyclical,-14.28,-5.26,-9.74,-8.3,-18.03,-18.36,-9.94
2022-02-14,-18.2,-5.53,Consumer Cyclical,-12.72,-4.17,-8.89,-8.28,-19.03,-18.76,-9.63
2022-02-15,-14.03,-4.08,Consumer Cyclical,-8.39,-3.36,-6.41,-7.44,-12.42,-15.96,-9.21
2022-02-16,-13.94,-3.98,Consumer Cyclical,-6.76,-2.4,-5.84,-7.87,-13.02,-16.27,-10.0
2022-02-17,-18.15,-5.93,Consumer Cyclical,-8.69,-4.48,-8.14,-9.12,-15.96,-18.4,-10.53
2022-02-18,-19.88,-6.5,Consumer Cyclical,-9.91,-5.71,-8.04,-9.55,-20.94,-16.14,-10.79
2022-02-22,-23.04,-7.48,Consumer Cyclical,-12.15,-7.15,-11.0,-12.71,-25.7,-19.53,-18.4
2022-02-23,-28.18,-9.06,Consumer Cyclical,-14.79,-10.38,-11.85,-12.52,-30.03,-21.06,-20.31
2022-02-24,-24.9,-7.73,Consumer Cyclical,-14.19,-6.46,-11.64,-13.17,-27.52,-20.16,-19.13
2022-02-25,-24.09,-5.81,Consumer Cyclical,-13.09,-5.0,-10.62,-10.92,-28.44,-17.09,-18.28
2022-02-28,-18.67,-6.04,Consumer Cyclical,-17.14,-5.13,-12.02,-10.19,-22.17,-18.31,-18.49
2022-03-01,-18.64,-7.18,Consumer Cyclical,-23.53,-6.41,-14.3,-9.71,-24.65,-21.57,-16.85
2022-03-02,-17.28,-5.58,Consumer Cyclical,-21.31,-5.87,-12.19,-6.95,-24.97,-15.35,-15.11
2022-03-03,-20.85,-6.03,Consumer Cyclical,-24.25,-8.32,-13.23,-7.86,-31.11,-17.57,-15.84
2022-03-04,-20.94,-6.74,Consumer Cyclical,-30.92,-9.66,-14.94,-8.72,-35.18,-20.91,-15.87
2022-03-07,-23.9,-9.33,Consumer Cyclical,-35.92,-14.49,-19.05,-9.42,-36.83,-24.82,-16.23
2022-03-08,-22.11,-9.98,Consumer Cyclical,-34.34,-15.36,-21.09,-9.02,-37.3,-24.54,-17.73
2022-03-09,-18.97,-7.69,Consumer Cyclical,-31.52,-13.39,-17.47,-7.99,-29.94,-22.99,-17.61
2022-03-10,-20.85,-8.09,Consumer Cyclical,-30.85,-8.85,-18.05,-8.66,-38.01,-23.17,-17.43
2022-03-11,-24.74,-9.21,Consumer Cyclical,-30.55,-9.63,-20.19,-9.44,-43.73,-24.5,-17.71
2022-03-14,-27.36,-9.84,Consumer Cyclical,-31.61,-11.84,-23.38,-7.74,-50.36,-25.87,-17.33
2022-03-15,-24.1,-7.92,Consumer Cyclical,-29.3,-8.48,-22.22,-5.93,-47.5,-24.38,-14.76
2022-03-16,-20.58,-5.92,Consumer Cyclical,-23.75,-4.97,-18.52,-5.82,-34.37,-21.97,-14.16
2022-03-17,-17.69,-4.8,Consumer Cyclical,-24.4,-2.45,-17.1,-4.61,-34.13,-21.97,-12.79
2022-03-18,-14.59,-3.77,Consumer Cyclical,-22.47,0.0,-14.66,-4.1,-27.11,-20.67,-11.68
2022-03-21,-13.14,-3.77,Consumer Cyclical,-24.08,0.15,-15.33,-7.31,-29.17,-22.43,-14.55
2022-03-22,-6.44,-2.68,Consumer Cyclical,-22.72,2.24,-13.47,-6.96,-23.94,-19.58,-14.46
2022-03-23,-5.97,-3.9,Consumer Cyclical,-22.95,1.33,-13.52,-9.99,-23.59,-21.5,-17.66
2022-03-24,-4.61,-2.83,Consumer Cyclical,-22.41,1.47,-14.12,-10.7,-23.21,-20.8,-17.98
2022-03-25,-4.91,-2.35,Consumer Cyclical,-22.76,2.17,-13.08,-13.21,-30.39,-22.48,-19.26
2022-03-28,2.55,-1.69,Consumer Cyclical,-22.37,4.76,-12.36,-12.86,-25.88,-21.55,-18.35
2022-03-29,3.26,-0.48,Consumer Cyclical,-17.66,4.96,-9.57,-10.54,-23.55,-16.48,-17.49
2022-03-30,2.75,-1.09,Consumer Cyclical,-20.23,3.1,-9.95,-14.59,-22.54,-18.73,-19.82
2022-03-31,1.24,-2.57,Consumer Cyclical,-21.81,1.07,-12.52,-17.52,-26.44,-20.42,-22.12
2022-04-01,1.83,-2.24,Consumer Cyclical,-21.57,1.38,-12.81,-16.92,-22.69,-21.0,-20.85
2022-04-04,7.26,-1.45,Consumer Cyclical,-21.78,4.23,-12.29,-16.25,-16.21,-20.96,-19.94
2022-04-05,2.36,-2.62,Consumer Cyclical,-25.61,2.01,-13.6,-15.95,-20.95,-24.86,-20.12
2022-04-06,-1.76,-3.57,Consumer Cyclical,-26.5,-0.72,-16.11,-17.63,-23.67,-26.86,-21.72
2022-04-07,-0.72,-3.1,Consumer Cyclical,-27.25,-1.23,-15.46,-16.84,-28.22,-28.86,-20.66
2022-04-08,-3.59,-3.33,Consumer Cyclical,-28.44,-2.95,-16.25,-15.24,-29.45,-28.44,-18.55
2022-04-11,-8.08,-4.94,Consumer Cyclical,-28.54,-4.67,-18.27,-16.06,-30.49,-27.37,-19.66
2022-04-12,-7.07,-5.28,Consumer Cyclical,-26.82,-4.86,-18.23,-16.24,-31.32,-26.99,-19.77
2022-04-13,-3.82,-4.23,Consumer Cyclical,-28.09,-2.15,-16.65,-15.69,-27.98,-26.29,-18.71
2022-04-14,-7.25,-5.37,Consumer Cyclical,-29.0,-4.34,-12.79,-17.39,-30.66,-26.43,-20.22
2022-04-18,-5.48,-5.35,Consumer Cyclical,-30.12,-3.72,-13.97,-18.5,-32.33,-25.54,-21.32
2022-04-19,-3.29,-3.88,Consumer Cyclical,-27.05,-0.54,-10.47,-16.67,-29.88,-23.27,-19.38
2022-04-20,-7.96,-3.95,Consumer Cyclical,-26.68,-3.0,-11.23,-14.36,-35.91,-23.74,-17.5
2022-04-21,-5.06,-5.34,Consumer Cyclical,-27.71,-6.4,-11.5,-15.86,-39.41,-25.4,-18.72
2022-04-22,-5.41,-7.86,Consumer Cyclical,-29.66,-8.76,-15.63,-19.09,-39.31,-28.09,-21.35
2022-04-25,-6.05,-7.37,Consumer Cyclical,-28.91,-7.73,-16.36,-17.75,-38.85,-27.8,-20.11
2022-04-26,-17.21,-9.95,Consumer Cyclical,-32.26,-11.82,-21.15,-18.07,-42.2,-30.08,-21.39
2022-04-27,-16.74,-9.73,Consumer Cyclical,-31.47,-12.57,-20.69,-18.08,-40.79,-29.41,-20.97
2022-04-28,-17.11,-7.52,Consumer Cyclical,-28.77,-8.64,-16.93,-15.82,-40.19,-30.5,-18.36
2022-04-29,-17.73,-10.83,Consumer Cyclical,-29.72,-21.08,-18.45,-18.82,-41.0,-32.68,-21.27
2022-05-02,-14.36,-9.99,Consumer Cyclical,-27.41,-20.35,-17.06,-16.15,-37.09,-31.24,-19.03
2022-05-03,-13.78,-9.62,Consumer Cyclical,-28.11,-20.5,-19.13,-16.76,-36.99,-29.88,-19.55
2022-05-04,-9.8,-6.99,Consumer Cyclical,-26.29,-19.46,-17.07,-14.54,-34.89,-27.9,-16.89
2022-05-05,-17.07,-10.13,Consumer Cyclical,-30.05,-25.34,-21.84,-19.05,-44.52,-30.02,-21.05
2022-05-06,-17.77,-10.67,Consumer Cyclical,-31.86,-26.35,-24.51,-20.51,-46.13,-31.53,-22.28
2022-05-09,-24.97,-13.43,Consumer Cyclical,-36.17,-30.05,-26.61,-18.99,-50.93,-35.48,-21.58
2022-05-10,-23.77,-13.22,Consumer Cyclical,-35.72,-30.0,-27.73,-20.58,-51.32,-35.58,-23.11
2022-05-11,-29.9,-14.58,Consumer Cyclical,-39.11,-32.19,-28.75,-22.35,-53.92,-38.05,-25.24
2022-05-12,-30.46,-14.64,Consumer Cyclical,-38.62,-31.21,-28.76,-20.76,-52.53,-39.91,-23.49
2022-05-13,-26.59,-12.68,Consumer Cyclical,-34.25,-27.36,-25.44,-19.83,-48.23,-34.86,-21.84
2022-05-16,-30.79,-12.99,Consumer Cyclical,-36.23,-28.77,-25.71,-19.53,-47.37,-37.01,-21.85
2022-05-17,-27.29,-11.29,Consumer Cyclical,-33.56,-25.89,-23.55,-19.82,-39.92,-34.7,-20.56
2022-05-18,-32.16,-14.71,Consumer Cyclical,-36.87,-31.11,-27.82,-23.99,-42.78,-38.3,-24.66
2022-05-19,-32.2,-15.27,Consumer Cyclical,-36.36,-30.98,-29.74,-22.34,-39.81,-37.97,-23.99
2022-05-20,-36.48,-15.25,Consumer Cyclical,-37.25,-30.81,-28.72,-23.63,-40.6,-39.64,-24.14
2022-05-23,-35.45,-13.68,Consumer Cyclical,-36.97,-30.83,-28.3,-23.0,-42.17,-38.06,-24.44
2022-05-24,-39.85,-14.29,Consumer Cyclical,-38.92,-33.03,-29.18,-23.66,-47.11,-40.03,-23.95
2022-05-25,-36.96,-13.59,Consumer Cyclical,-37.31,-31.33,-28.59,-22.06,-47.07,-38.64,-22.48
2022-05-26,-32.36,-11.92,Consumer Cyclical,-31.82,-28.59,-25.49,-19.2,-42.07,-36.67,-20.08
2022-05-27,-27.48,-9.77,Consumer Cyclical,-30.09,-26.01,-23.49,-17.53,-40.12,-34.21,-18.61
2022-05-31,-27.6,-10.26,Consumer Cyclical,-28.84,-22.79,-21.62,-19.3,-37.17,-33.97,-20.09
2022-06-01,-28.47,-10.69,Consumer Cyclical,-27.21,-21.24,-21.13,-20.18,-35.51,-33.64,-20.94
2022-06-02,-25.22,-9.06,Consumer Cyclical,-24.98,-18.82,-18.06,-18.4,-30.92,-32.01,-18.71
2022-06-03,-32.02,-10.5,Consumer Cyclical,-28.06,-20.83,-19.66,-18.68,-33.71,-33.9,-18.92
2022-06-06,-30.94,-10.26,Consumer Cyclical,-25.64,-19.27,-20.14,-18.14,-29.7,-34.09,-19.23
2022-06-07,-30.77,-9.4,Consumer Cyclical,-25.79,-20.42,-19.19,-18.6,-27.99,-32.73,-19.78
2022-06-08,-29.92,-10.37,Consumer Cyclical,-25.72,-21.58,-18.71,-19.91,-25.32,-33.75,-20.88
2022-06-09,-30.54,-12.42,Consumer Cyclical,-27.43,-24.8,-21.21,-19.16,-31.02,-34.97,-20.28
2022-06-10,-32.67,-14.93,Consumer Cyclical,-31.39,-28.96,-23.75,-22.43,-33.5,-37.56,-23.04
2022-06-13,-37.37,-18.12,Consumer Cyclical,-35.48,-32.78,-26.57,-24.52,-41.35,-42.14,-24.62
2022-06-14,-35.9,-18.32,Consumer Cyclical,-35.69,-33.66,-26.39,-25.89,-31.58,-40.24,-25.79
2022-06-15,-32.45,-17.18,Consumer Cyclical,-35.33,-30.21,-24.59,-25.45,-26.28,-39.89,-25.51
2022-06-16,-38.13,-19.83,Consumer Cyclical,-41.57,-32.79,-28.77,-28.49,-29.68,-44.88,-27.14
2022-06-17,-37.08,-19.62,Consumer Cyclical,-41.12,-31.14,-28.62,-28.14,-23.87,-44.98,-27.85
2022-06-21,-31.3,-17.71,Consumer Cyclical,-38.53,-29.56,-27.73,-28.18,-16.95,-43.85,-28.25
2022-06-22,-31.57,-17.88,Consumer Cyclical,-38.35,-29.39,-30.22,-27.67,-17.35,-43.75,-28.31
2022-06-23,-31.86,-17.04,Consumer Cyclical,-37.56,-27.14,-28.18,-26.55,-15.53,-43.36,-26.63
2022-06-24,-28.82,-14.53,Consumer Cyclical,-34.23,-24.55,-24.94,-23.87,-11.76,-41.16,-24.66
2022-06-27,-29.05,-14.84,Consumer Cyclical,-33.96,-26.64,-26.53,-23.3,-15.89,-41.02,-24.74
2022-06-28,-32.55,-16.63,Consumer Cyclical,-35.23,-30.38,-31.63,-27.21,-18.05,-42.14,-28.0
2022-06-29,-33.74,-16.92,Consumer Cyclical,-37.13,-29.41,-31.32,-26.64,-19.88,-43.56,-27.03
2022-06-30,-34.88,-17.56,Consumer Cyclical,-39.62,-31.15,-32.02,-27.23,-20.39,-45.47,-26.93
2022-07-01,-33.17,-16.28,Consumer Cyclical,-36.99,-28.21,-31.81,-25.42,-21.12,-43.33,-24.99
2022-07-05,-31.55,-16.14,Consumer Cyclical,-37.53,-25.74,-29.79,-24.41,-18.2,-43.91,-23.81
2022-07-06,-31.93,-15.85,Consumer Cyclical,-39.6,-25.21,-29.85,-24.74,-23.09,-44.59,-23.85
2022-07-07,-28.24,-14.65,Consumer Cyclical,-36.1,-23.93,-27.26,-23.71,-16.99,-41.67,-23.03
2022-07-08,-26.45,-14.7,Consumer Cyclical,-36.27,-24.44,-27.39,-23.69,-16.62,-41.82,-23.09
2022-07-11,-31.18,-15.64,Consumer Cyclical,-39.64,-26.89,-29.27,-24.32,-24.08,-43.46,-23.11
2022-07-12,-31.55,-16.4,Consumer Cyclical,-38.0,-28.54,-30.18,-23.95,-22.97,-42.11,-23.44
2022-07-13,-30.4,-16.77,Consumer Cyclical,-38.17,-27.77,-29.27,-23.38,-22.16,-42.36,-22.9
2022-07-14,-30.04,-16.99,Consumer Cyclical,-39.59,-27.62,-30.54,-23.26,-22.31,-42.96,-22.29
2022-07-15,-29.53,-15.46,Consumer Cyclical,-36.93,-25.72,-29.55,-22.29,-23.52,-40.52,-21.52
2022-07-18,-29.39,-16.14,Consumer Cyclical,-37.37,-25.58,-30.06,-21.96,-23.08,-40.12,-21.35
2022-07-19,-27.96,-13.93,Consumer Cyclical,-33.06,-22.69,-26.55,-20.72,-25.44,-36.97,-19.57
2022-07-20,-27.39,-13.4,Consumer Cyclical,-32.19,-19.72,-25.27,-19.79,-24.81,-36.27,-18.91
2022-07-21,-20.42,-12.55,Consumer Cyclical,-30.8,-18.51,-24.93,-18.74,-23.67,-34.92,-18.2
2022-07-22,-20.26,-13.32,Consumer Cyclical,-32.71,-19.95,-26.6,-17.9,-28.97,-35.82,-17.78
2022-07-25,-21.36,-13.24,Consumer Cyclical,-32.54,-20.78,-26.49,-18.23,-28.64,-35.72,-17.9
2022-07-26,-24.12,-14.25,Consumer Cyclical,-33.66,-24.9,-29.21,-20.8,-29.71,-37.22,-20.0
2022-07-27,-19.52,-12.07,Consumer Cyclical,-30.89,-20.89,-27.44,-20.25,-28.46,-33.97,-19.81
2022-07-28,-17.77,-10.99,Consumer Cyclical,-28.64,-20.04,-24.52,-19.89,-28.05,-29.92,-19.62
2022-07-29,-13.09,-9.72,Consumer Cyclical,-27.73,-11.79,-22.73,-19.58,-27.17,-26.47,-19.27
2022-08-01,-12.71,-9.72,Consumer Cyclical,-26.01,-11.2,-22.53,-18.03,-24.84,-22.61,-17.51
2022-08-02,-11.99,-10.15,Consumer Cyclical,-24.96,-11.8,-23.79,-19.95,-24.84,-23.28,-18.52
2022-08-03,-10.53,-9.12,Consumer Cyclical,-24.29,-9.2,-22.54,-17.62,-24.51,-21.3,-17.41
2022-08-04,-10.26,-9.18,Consumer Cyclical,-29.75,-7.73,-22.44,-17.08,-22.85,-22.5,-17.25
2022-08-05,-14.67,-9.31,Consumer Cyclical,-30.09,-8.58,-22.74,-16.48,-24.73,-22.76,-16.75
2022-08-08,-14.18,-9.37,Consumer Cyclical,-28.0,-9.26,-22.68,-15.62,-24.87,-20.97,-16.3
2022-08-09,-15.6,-9.62,Consumer Cyclical,-29.46,-9.96,-24.48,-17.52,-27.42,-22.99,-17.52
2022-08-10,-13.4,-8.33,Consumer Cyclical,-26.64,-7.8,-23.08,-15.74,-25.17,-21.93,-16.37
2022-08-11,-14.94,-8.33,Consumer Cyclical,-25.06,-8.71,-22.63,-15.52,-23.21,-20.8,-16.54
2022-08-12,-12.26,-7.26,Consumer Cyclical,-23.73,-7.42,-21.72,-14.3,-22.47,-19.59,-15.78
2022-08-15,-10.4,-6.98,Consumer Cyclical,-24.99,-7.58,-21.61,-13.85,-21.99,-19.11,-15.83
2022-08-16,-10.93,-6.87,Consumer Cyclical,-25.32,-6.89,-20.83,-12.17,-22.95,-18.75,-13.58
2022-08-17,-11.43,-7.3,Consumer Cyclical,-26.23,-8.05,-21.28,-11.83,-24.99,-20.08,-13.87
2022-08-18,-11.64,-7.11,Consumer Cyclical,-25.93,-7.96,-21.75,-11.52,-25.41,-19.68,-13.96
2022-08-19,-12.84,-7.96,Consumer Cyclical,-27.3,-9.71,-23.03,-12.93,-27.53,-20.58,-14.65
2022-08-22,-14.14,-9.24,Consumer Cyclical,-30.83,-11.87,-24.3,-13.31,-27.78,-23.25,-16.25
2022-08-23,-12.86,-9.38,Consumer Cyclical,-30.88,-11.7,-24.14,-14.01,-29.44,-22.44,-17.19
2022-08-24,-12.73,-9.2,Consumer Cyclical,-30.18,-11.62,-23.81,-13.75,-27.98,-21.76,-16.97
2022-08-25,-12.93,-8.33,Consumer Cyclical,-29.06,-10.1,-22.99,-13.05,-24.93,-20.38,-16.68
2022-08-26,-14.49,-10.4,Consumer Cyclical,-31.58,-12.95,-25.23,-15.79,-25.34,-22.13,-18.74
2022-08-29,-15.13,-10.79,Consumer Cyclical,-31.54,-13.37,-25.42,-15.76,-25.61,-21.59,-19.06
2022-08-30,-16.53,-11.42,Consumer Cyclical,-31.69,-13.84,-25.43,-16.83,-25.56,-22.0,-19.64
2022-08-31,-16.95,-11.87,Consumer Cyclical,-32.12,-14.71,-26.07,-17.69,-25.36,-22.7,-20.49
2022-09-01,-16.21,-11.4,Consumer Cyclical,-31.23,-13.88,-25.38,-16.8,-27.45,-22.28,-19.09
2022-09-02,-17.55,-11.98,Consumer Cyclical,-32.28,-14.01,-25.72,-16.87,-30.03,-22.38,-19.35
2022-09-06,-16.74,-12.17,Consumer Cyclical,-33.4,-14.61,-25.98,-17.56,-31.55,-22.81,-19.76
2022-09-07,-14.46,-10.9,Consumer Cyclical,-31.47,-12.75,-24.08,-14.66,-30.35,-21.13,-17.97
2022-09-08,-12.95,-10.38,Consumer Cyclical,-30.58,-12.54,-23.92,-13.48,-29.63,-20.94,-17.37
2022-09-09,-10.12,-9.13,Consumer Cyclical,-28.34,-10.42,-22.5,-12.99,-24.3,-21.17,-17.4
2022-09-12,-8.83,-8.23,Consumer Cyclical,-26.31,-8.47,-21.6,-12.7,-14.98,-20.62,-17.95
2022-09-13,-12.34,-12.01,Consumer Cyclical,-28.22,-14.64,-26.03,-17.82,-14.15,-24.52,-23.04
2022-09-14,-9.35,-11.7,Consumer Cyclical,-27.79,-13.53,-25.18,-18.31,-14.27,-24.91,-23.45
2022-09-15,-9.02,-12.63,Consumer Cyclical,-28.42,-14.98,-26.17,-18.85,-15.88,-23.79,-24.7
2022-09-16,-9.14,-13.28,Consumer Cyclical,-30.86,-16.74,-27.09,-18.55,-20.99,-24.62,-23.55
2022-09-19,-7.5,-12.65,Consumer Cyclical,-28.81,-16.02,-25.04,-17.23,-18.17,-23.59,-22.4
2022-09-20,-7.6,-13.61,Consumer Cyclical,-31.09,-17.64,-28.3,-19.15,-20.05,-32.78,-24.06
2022-09-21,-9.92,-15.08,Consumer Cyclical,-32.66,-20.04,-30.09,-20.0,-28.14,-32.98,-24.75
2022-09-22,-13.48,-15.78,Consumer Cyclical,-35.53,-20.84,-30.94,-20.09,-27.95,-34.38,-25.4
2022-09-23,-17.35,-17.14,Consumer Cyclical,-37.93,-23.16,-31.98,-20.09,-30.67,-36.68,-24.92
2022-09-26,-17.15,-17.92,Consumer Cyclical,-37.87,-22.26,-32.63,-20.96,-30.75,-38.28,-26.08
2022-09-27,-15.11,-18.14,Consumer Cyclical,-38.33,-22.75,-32.47,-20.27,-32.41,-38.69,-25.51
2022-09-28,-13.67,-16.92,Consumer Cyclical,-36.18,-20.37,-30.81,-17.41,-31.87,-37.32,-21.87
2022-09-29,-19.46,-18.62,Consumer Cyclical,-40.19,-22.5,-33.14,-19.1,-38.66,-40.92,-22.91
2022-09-30,-20.33,-19.84,Consumer Cyclical,-41.83,-23.69,-41.58,-20.21,-37.92,-42.28,-23.56
2022-10-03,-26.4,-17.32,Consumer Cyclical,-37.34,-21.23,-39.0,-17.22,-38.04,-39.89,-20.93
2022-10-04,-24.33,-14.89,Consumer Cyclical,-33.62,-17.78,-36.75,-15.76,-33.21,-35.36,-19.35
2022-10-05,-26.87,-15.03,Consumer Cyclical,-34.37,-17.87,-35.05,-15.09,-35.9,-34.6,-19.27
2022-10-06,-27.66,-15.9,Consumer Cyclical,-33.44,-18.3,-35.69,-14.69,-40.84,-35.36,-19.13
2022-10-07,-32.09,-18.18,Consumer Cyclical,-35.77,-22.11,-37.78,-15.85,-44.77,-36.18,-20.76
2022-10-10,-32.12,-18.77,Consumer Cyclical,-37.08,-22.7,-38.11,-16.81,-46.63,-40.45,-21.26
2022-10-11,-34.04,-19.3,Consumer Cyclical,-38.18,-23.68,-37.19,-16.17,-48.41,-39.42,-21.15
2022-10-12,-33.82,-19.54,Consumer Cyclical,-38.26,-23.21,-36.83,-17.24,-48.22,-39.52,-21.79
2022-10-13,-32.49,-17.48,Consumer Cyclical,-37.05,-23.46,-36.09,-17.54,-48.61,-38.34,-21.16
2022-10-14,-37.47,-19.3,Consumer Cyclical,-38.57,-27.23,-37.5,-19.3,-52.68,-38.85,-22.91
2022-10-17,-33.19,-17.29,Consumer Cyclical,-35.64,-22.62,-35.8,-17.15,-50.86,-38.03,-21.59
2022-10-18,-32.94,-16.34,Consumer Cyclical,-33.54,-20.89,-36.01,-17.53,-50.86,-36.99,-20.56
2022-10-19,-32.39,-16.91,Consumer Cyclical,-35.19,-21.76,-36.79,-21.44,-56.01,-36.47,-23.16
2022-10-20,-36.83,-17.57,Consumer Cyclical,-36.15,-21.64,-38.02,-23.83,-55.81,-38.34,-24.81
2022-10-21,-34.67,-15.63,Consumer Cyclical,-34.37,-18.9,-36.84,-22.11,-54.85,-36.15,-23.15
2022-10-24,-35.63,-14.63,Consumer Cyclical,-33.23,-18.56,-37.18,-19.89,-61.87,-34.65,-21.05
2022-10-25,-32.27,-13.27,Consumer Cyclical,-31.94,-18.04,-34.55,-17.25,-57.14,-32.82,-19.14
2022-10-26,-31.6,-13.9,Consumer Cyclical,-32.61,-21.37,-34.08,-17.38,-56.42,-32.87,-19.17
2022-10-27,-31.47,-14.35,Consumer Cyclical,-33.28,-24.55,-35.39,-17.33,-59.75,-31.93,-18.92
2022-10-28,-30.44,-12.4,Consumer Cyclical,-31.76,-29.65,-33.05,-15.19,-60.91,-30.58,-16.85
2022-10-31,-30.73,-12.98,Consumer Cyclical,-31.36,-30.31,-33.87,-16.79,-60.99,-30.0,-17.54
2022-11-01,-29.9,-13.0,Consumer Cyclical,-30.22,-33.3,-32.29,-16.95,-59.34,-29.12,-17.13
2022-11-02,-33.67,-15.11,Consumer Cyclical,-32.84,-36.38,-34.69,-20.19,-60.21,-30.85,-19.08
2022-11-03,-33.57,-15.97,Consumer Cyclical,-30.2,-38.24,-34.62,-22.62,-58.44,-29.83,-21.0
2022-11-04,-35.87,-14.8,Consumer Cyclical,-25.81,-37.13,-30.89,-21.66,-51.62,-28.56,-20.33
2022-11-07,-38.92,-14.03,Consumer Cyclical,-24.69,-37.42,-32.52,-19.84,-54.36,-27.59,-18.67
2022-11-08,-40.65,-13.57,Consumer Cyclical,-23.23,-37.8,-32.3,-19.09,-56.06,-27.49,-18.43
2022-11-09,-44.76,-15.28,Consumer Cyclical,-25.95,-40.39,-33.46,-19.81,-61.35,-29.61,-19.63
2022-11-10,-40.83,-10.81,Consumer Cyclical,-17.15,-33.31,-28.25,-12.4,-56.95,-25.1,-12.84
2022-11-11,-39.25,-9.98,Consumer Cyclical,-15.37,-30.5,-23.6,-10.43,-52.02,-23.44,-11.95
2022-11-14,-40.76,-10.68,Consumer Cyclical,-16.92,-32.05,-24.8,-12.25,-53.6,-25.72,-14.14
2022-11-15,-39.71,-9.96,Consumer Cyclical,-15.78,-31.74,-23.15,-10.49,-52.2,-24.65,-12.76
2022-11-16,-41.98,-10.63,Consumer Cyclical,-17.47,-32.98,-24.2,-7.83,-56.22,-26.44,-11.94
2022-11-17,-43.12,-10.88,Consumer Cyclical,-19.1,-34.53,-24.11,-10.67,-55.64,-26.39,-12.89
2022-11-18,-44.02,-10.49,Consumer Cyclical,-18.12,-35.01,-24.06,-10.03,-56.46,-26.03,-12.41
2022-11-21,-47.75,-10.8,Consumer Cyclical,-19.76,-36.16,-25.2,-9.88,-58.3,-26.21,-11.42
2022-11-22,-47.13,-9.64,Consumer Cyclical,-18.97,-35.65,-23.67,-8.11,-58.34,-25.63,-9.19
2022-11-23,-43.06,-9.09,Consumer Cyclical,-19.07,-35.02,-23.18,-9.57,-56.08,-25.82,-10.12
2022-11-25,-43.16,-9.1,Consumer Cyclical,-19.74,-35.51,-23.67,-9.59,-57.68,-25.58,-8.78
2022-11-28,-43.14,-10.5,Consumer Cyclical,-22.19,-35.14,-24.39,-10.4,-57.89,-27.28,-10.83
2022-11-29,-43.78,-10.66,Consumer Cyclical,-22.29,-36.19,-23.6,-11.07,-56.32,-27.18,-11.52
2022-11-30,-39.54,-7.97,Consumer Cyclical,-18.95,-33.37,-21.51,-8.92,-46.87,-26.42,-9.65
2022-12-01,-38.6,-7.76,Consumer Cyclical,-19.5,-33.27,-20.16,-7.5,-48.55,-24.9,-8.71
2022-12-02,-38.55,-7.89,Consumer Cyclical,-20.5,-34.18,-19.51,-7.77,-44.34,-25.99,-8.5
2022-12-05,-42.26,-9.46,Consumer Cyclical,-21.93,-36.27,-21.04,-11.34,-45.68,-28.37,-10.31
2022-12-06,-43.06,-10.72,Consumer Cyclical,-23.32,-38.16,-22.15,-13.12,-43.85,-28.89,-10.98
2022-12-07,-44.82,-10.89,Consumer Cyclical,-24.71,-38.01,-21.89,-11.04,-46.59,-29.81,-10.29
2022-12-08,-45.01,-10.21,Consumer Cyclical,-27.83,-36.72,-19.9,-12.43,-43.15,-29.71,-9.29
2022-12-09,-43.3,-10.84,Consumer Cyclical,-27.96,-37.58,-21.17,-13.18,-46.38,-29.4,-10.21
2022-12-12,-46.72,-9.61,Consumer Cyclical,-25.92,-36.58,-19.44,-11.8,-46.96,-27.96,-8.31
2022-12-13,-48.86,-8.96,Consumer Cyclical,-24.83,-35.24,-18.98,-9.21,-47.72,-27.38,-7.2
2022-12-14,-50.15,-9.5,Consumer Cyclical,-25.55,-35.87,-19.8,-8.83,-48.6,-27.85,-7.07
2022-12-15,-49.88,-11.68,Consumer Cyclical,-26.02,-38.03,-21.53,-10.56,-49.52,-30.22,-8.4
2022-12-16,-52.2,-12.71,Consumer Cyclical,-27.88,-38.44,-23.04,-11.35,-50.69,-35.0,-9.36
2022-12-19,-52.31,-13.44,Consumer Cyclical,-28.15,-40.47,-24.75,-12.6,-52.96,-37.25,-10.72
2022-12-20,-56.1,-13.72,Consumer Cyclical,-27.7,-40.28,-24.64,-13.58,-52.83,-38.42,-11.35
2022-12-21,-56.17,-12.46,Consumer Cyclical,-27.37,-39.19,-16.38,-12.92,-50.63,-36.78,-10.21
2022-12-22,-60.02,-13.66,Consumer Cyclical,-29.75,-41.25,-15.77,-14.31,-51.98,-39.27,-11.03
2022-12-23,-60.71,-13.19,Consumer Cyclical,-29.55,-40.24,-16.08,-13.15,-53.34,-39.01,-10.37
2022-12-27,-65.12,-13.52,Consumer Cyclical,-29.37,-41.77,-15.22,-13.22,-57.18,-39.86,-10.17
2022-12-28,-63.99,-14.56,Consumer Cyclical,-30.29,-42.62,-16.91,-13.92,-58.28,-41.18,-11.13
2022-12-29,-61.13,-13.08,Consumer Cyclical,-27.62,-40.98,-15.35,-12.99,-57.47,-38.05,-9.95
2022-12-30,-60.7,-13.31,Consumer Cyclical,-28.14,-41.11,-15.58,-14.27,-58.49,-37.57,-11.09
2023-01-03,-63.92,-13.32,Consumer Cyclical,-27.61,-38.92,-14.1,-14.02,-57.62,-36.44,-10.82
2023-01-04,-62.15,-12.72,Consumer Cyclical,-25.4,-39.39,-12.42,-13.03,-53.36,-34.69,-9.82
2023-01-05,-63.22,-13.65,Consumer Cyclical,-25.41,-40.81,-12.84,-13.29,-52.37,-33.4,-10.98
2023-01-06,-62.33,-11.74,Consumer Cyclical,-23.52,-38.72,-10.07,-13.21,-54.5,-31.61,-10.41
2023-01-09,-60.13,-11.8,Consumer Cyclical,-23.78,-37.81,-9.84,-13.86,-52.8,-31.02,-10.33
2023-01-10,-60.43,-11.18,Consumer Cyclical,-22.49,-36.04,-9.13,-13.03,-50.7,-30.2,-9.55
2023-01-11,-58.99,-10.08,Consumer Cyclical,-22.77,-32.35,-7.62,-9.96,-49.51,-28.14,-7.21
2023-01-12,-58.88,-9.75,Consumer Cyclical,-20.93,-32.22,-7.66,-9.24,-48.2,-27.0,-6.97
2023-01-13,-59.26,-9.41,Consumer Cyclical,-21.02,-30.2,-6.97,-8.43,-48.25,-30.85,-6.59
2023-01-17,-56.28,-9.54,Consumer Cyclical,-20.25,-31.67,-7.48,-9.56,-49.95,-31.13,-7.62
2023-01-18,-57.17,-10.98,Consumer Cyclical,-20.18,-32.09,-8.7,-10.0,-51.7,-32.54,-8.69
2023-01-19,-57.7,-11.6,Consumer Cyclical,-21.37,-33.34,-10.07,-12.71,-52.75,-33.78,-12.26
2023-01-20,-55.65,-10.01,Consumer Cyclical,-19.07,-30.82,-8.57,-11.69,-51.44,-32.59,-11.12
2023-01-23,-52.26,-8.94,Consumer Cyclical,-16.54,-30.63,-7.37,-11.44,-47.11,-30.42,-10.98
2023-01-24,-52.21,-9.04,Consumer Cyclical,-17.57,-31.48,-8.26,-10.89,-48.77,-30.75,-10.37
2023-01-25,-52.03,-9.01,Consumer Cyclical,-17.76,-30.87,-8.27,-11.02,-48.99,-30.47,-10.49
2023-01-26,-46.83,-8.06,Consumer Cyclical,-16.97,-29.43,-7.83,-12.85,-46.63,-29.77,-11.45
2023-01-27,-41.05,-7.8,Consumer Cyclical,-14.04,-27.29,-7.83,-12.56,-44.26,-27.87,-10.64
2023-01-30,-44.74,-8.93,Consumer Cyclical,-14.63,-28.48,-8.54,-12.81,-47.28,-29.93,-11.33
2023-01-31,-42.58,-7.66,Consumer Cyclical,-12.11,-26.66,-7.99,-10.1,-47.06,-26.56,-8.56
2023-02-01,-38.99,-6.52,Consumer Cyclical,-10.58,-24.66,-6.6,-7.66,-45.87,-24.47,-7.3
2023-02-02,-36.79,-5.25,Consumer Cyclical,-7.62,-19.29,-6.84,-4.32,-46.47,-21.66,-4.11
2023-02-03,-36.24,-6.21,Consumer Cyclical,-9.84,-25.87,-7.66,-6.65,-49.76,-27.45,-6.37
2023-02-06,-34.71,-6.73,Consumer Cyclical,-10.43,-26.71,-8.71,-6.69,-50.88,-27.92,-6.97
2023-02-07,-34.14,-5.74,Consumer Cyclical,-9.81,-26.76,-8.96,-7.18,-50.92,-26.25,-8.09
2023-02-08,-32.89,-6.59,Consumer Cyclical,-9.88,-28.21,-10.52,-8.01,-52.1,-26.41,-9.31
2023-02-09,-31.22,-7.25,Consumer Cyclical,-9.74,-29.48,-10.99,-9.75,-52.89,-26.04,-10.75
2023-02-10,-34.12,-7.06,Consumer Cyclical,-11.83,-29.92,-10.96,-9.69,-53.6,-30.14,-10.48
2023-02-13,-34.74,-6.18,Consumer Cyclical,-11.84,-28.57,-9.08,-7.43,-53.6,-28.19,-8.56
2023-02-14,-30.91,-6.21,Consumer Cyclical,-6.7,-28.45,-8.36,-7.59,-53.6,-28.85,-9.98
2023-02-15,-29.6,-5.96,Consumer Cyclical,-5.48,-27.42,-7.49,-7.05,-52.75,-29.06,-9.35
2023-02-16,-32.8,-6.98,Consumer Cyclical,-6.93,-29.55,-9.61,-7.48,-54.13,-29.17,-9.19
2023-02-17,-31.15,-7.17,Consumer Cyclical,-7.6,-30.23,-9.29,-8.02,-54.13,-29.28,-10.11
2023-02-21,-34.02,-8.6,Consumer Cyclical,-9.67,-32.08,-11.85,-12.66,-54.84,-33.03,-16.36
2023-02-22,-33.11,-8.69,Consumer Cyclical,-9.79,-31.23,-12.67,-12.33,-54.17,-32.98,-16.14
2023-02-23,-32.79,-8.34,Consumer Cyclical,-9.58,-31.2,-12.63,-12.51,-55.91,-33.74,-15.3
2023-02-24,-34.15,-9.1,Consumer Cyclical,-10.51,-32.85,-13.94,-12.79,-58.08,-34.78,-16.04
2023-02-27,-31.33,-8.85,Consumer Cyclical,-9.67,-32.66,-13.61,-11.64,-57.95,-33.8,-16.22
2023-02-28,-31.82,-9.16,Consumer Cyclical,-9.68,-32.33,-13.42,-11.0,-57.68,-33.74,-16.07
2023-03-01,-31.85,-9.24,Consumer Cyclical,-8.23,-33.05,-13.27,-15.55,-58.85,-31.66,-17.28
2023-03-02,-34.8,-8.66,Consumer Cyclical,-9.02,-33.07,-12.58,-15.22,-57.71,-30.43,-16.67
2023-03-03,-33.09,-7.41,Consumer Cyclical,-7.41,-31.15,-11.64,-13.28,-55.61,-27.6,-15.19
2023-03-06,-34.08,-7.32,Consumer Cyclical,-7.99,-31.95,-12.17,-12.5,-56.75,-28.13,-15.26
2023-03-07,-35.86,-8.65,Consumer Cyclical,-9.35,-32.09,-12.59,-14.27,-58.28,-28.95,-17.35
2023-03-08,-37.53,-8.52,Consumer Cyclical,-9.12,-31.83,-12.39,-12.69,-57.34,-28.13,-17.13
2023-03-09,-40.18,-10.08,Consumer Cyclical,-11.64,-33.01,-13.81,-13.58,-59.09,-31.01,-18.1
2023-03-10,-40.03,-11.27,Consumer Cyclical,-13.34,-34.09,-14.08,-14.59,-60.36,-32.92,-18.57
2023-03-13,-39.73,-11.41,Consumer Cyclical,-13.95,-32.88,-14.52,-14.21,-60.18,-33.3,-18.51
2023-03-14,-36.93,-10.0,Consumer Cyclical,-11.88,-31.13,-12.99,-14.52,-60.77,-33.84,-18.78
2023-03-15,-37.83,-10.53,Consumer Cyclical,-15.07,-30.18,-13.58,-13.77,-61.55,-35.05,-18.1
2023-03-16,-36.65,-9.06,Consumer Cyclical,-12.5,-27.43,-11.8,-13.31,-60.41,-34.45,-18.45
2023-03-17,-37.93,-10.02,Consumer Cyclical,-16.24,-28.21,-11.99,-14.29,-61.51,-37.3,-17.98
2023-03-20,-36.93,-9.23,Consumer Cyclical,-15.03,-29.1,-11.41,-14.54,-59.26,-37.96,-17.74
2023-03-21,-32.21,-8.08,Consumer Cyclical,-13.37,-27.02,-8.22,-14.54,-56.86,-34.98,-17.69
2023-03-22,-34.33,-9.56,Consumer Cyclical,-15.83,-28.39,-12.64,-16.79,-57.69,-36.31,-19.61
2023-03-23,-33.98,-9.35,Consumer Cyclical,-15.88,-28.38,-11.57,-17.6,-56.86,-36.64,-19.24
2023-03-24,-34.57,-9.13,Consumer Cyclical,-16.28,-28.8,-11.76,-17.7,-57.78,-36.14,-19.49
2023-03-27,-34.11,-8.98,Consumer Cyclical,-15.57,-28.86,-13.86,-17.24,-58.43,-36.08,-19.98
2023-03-28,-34.99,-9.14,Consumer Cyclical,-15.67,-29.44,-13.82,-17.4,-57.18,-35.64,-20.11
2023-03-29,-33.42,-7.87,Consumer Cyclical,-14.45,-27.27,-11.91,-16.63,-54.26,-33.15,-19.4
2023-03-30,-32.95,-7.33,Consumer Cyclical,-14.19,-26.0,-12.2,-16.32,-51.34,-31.83,-18.84
2023-03-31,-28.86,-6.05,Consumer Cyclical,-12.43,-25.07,-10.35,-13.17,-51.11,-30.11,-16.09
2023-04-03,-32.4,-5.56,Consumer Cyclical,-13.44,-25.15,-10.82,-11.19,-53.21,-29.02,-15.03
2023-04-04,-33.14,-6.08,Consumer Cyclical,-15.94,-24.04,-9.36,-11.61,-55.96,-28.8,-15.8
2023-04-05,-35.51,-6.3,Consumer Cyclical,-18.03,-26.09,-11.37,-13.14,-57.12,-30.4,-17.54
2023-04-06,-35.67,-5.95,Consumer Cyclical,-19.17,-25.4,-11.86,-13.5,-56.89,-30.95,-17.56
2023-04-10,-35.85,-5.85,Consumer Cyclical,-18.15,-25.32,-10.64,-12.99,-56.7,-28.8,-16.85
2023-04-11,-35.08,-5.84,Consumer Cyclical,-17.67,-26.95,-9.64,-12.31,-54.49,-27.97,-16.12
2023-04-12,-37.2,-6.21,Consumer Cyclical,-18.27,-28.46,-9.37,-12.99,-56.89,-29.08,-17.05
2023-04-13,-35.38,-5.01,Consumer Cyclical,-16.84,-25.16,-7.37,-12.26,-56.47,-30.25,-16.57
2023-04-14,-35.69,-5.2,Consumer Cyclical,-16.04,-25.08,-7.71,-11.95,-55.67,-29.91,-16.56
2023-04-17,-34.99,-4.88,Consumer Cyclical,-15.63,-24.91,-7.54,-10.74,-53.02,-29.03,-15.66
2023-04-18,-35.93,-4.82,Consumer Cyclical,-15.7,-25.23,-7.53,-9.41,-54.73,-28.75,-14.67
2023-04-19,-37.2,-4.83,Consumer Cyclical,-15.77,-23.78,-7.92,-9.09,-57.96,-31.59,-15.24
2023-04-20,-43.23,-5.36,Consumer Cyclical,-16.81,-24.13,-8.81,-8.69,-60.38,-33.54,-14.77
2023-04-21,-42.51,-5.3,Consumer Cyclical,-17.42,-21.84,-8.02,-8.14,-60.14,-33.87,-14.36
2023-04-24,-43.38,-5.18,Consumer Cyclical,-17.18,-22.39,-6.89,-8.14,-60.33,-31.92,-13.91
2023-04-25,-44.03,-6.43,Consumer Cyclical,-19.74,-25.03,-8.65,-10.36,-62.19,-34.1,-15.4
2023-04-26,-46.42,-6.78,Consumer Cyclical,-19.32,-23.28,-9.25,-12.55,-63.24,-35.38,-17.72
2023-04-27,-44.19,-5.24,Consumer Cyclical,-20.26,-19.77,-7.9,-10.94,-61.86,-34.99,-16.07
2023-04-28,-42.77,-4.56,Consumer Cyclical,-19.32,-22.94,-7.16,-9.52,-62.33,-33.48,-14.22
2023-05-01,-42.7,-4.51,Consumer Cyclical,-19.42,-24.87,-6.15,-9.16,-61.29,-31.79,-14.7
2023-05-02,-43.22,-5.49,Consumer Cyclical,-20.16,-23.73,-6.62,-10.12,-63.02,-33.23,-15.65
2023-05-03,-43.12,-6.08,Consumer Cyclical,-21.23,-23.71,-7.0,-10.4,-62.1,-33.29,-15.99
2023-05-04,-42.92,-6.71,Consumer Cyclical,-27.26,-23.46,-9.21,-11.47,-60.08,-34.57,-18.04
2023-05-05,-39.87,-5.15,Consumer Cyclical,-26.2,-22.26,-7.11,-10.18,-59.65,-32.18,-16.96
2023-05-08,-39.28,-5.11,Consumer Cyclical,-25.77,-22.14,-6.9,-10.94,-59.07,-32.01,-17.43
2023-05-09,-40.19,-5.5,Consumer Cyclical,-26.24,-21.57,-8.19,-9.62,-59.61,-32.91,-16.68
2023-05-10,-40.4,-5.1,Consumer Cyclical,-25.04,-18.97,-9.34,-10.82,-59.76,-32.74,-17.12
2023-05-11,-39.18,-5.23,Consumer Cyclical,-25.52,-17.52,-10.28,-11.26,-58.2,-32.85,-17.5
2023-05-12,-40.6,-5.35,Consumer Cyclical,-26.77,-18.92,-11.74,-11.27,-60.64,-33.97,-16.71
2023-05-15,-41.16,-5.04,Consumer Cyclical,-26.58,-18.24,-12.02,-12.01,-59.17,-34.14,-17.26
2023-05-16,-41.1,-5.65,Consumer Cyclical,-28.18,-16.63,-14.46,-13.01,-60.84,-36.34,-19.02
2023-05-17,-38.54,-4.56,Consumer Cyclical,-25.85,-15.1,-14.09,-9.57,-60.25,-34.93,-16.17
2023-05-18,-37.48,-3.65,Consumer Cyclical,-25.09,-13.16,-12.71,-8.72,-61.28,-34.14,-15.39
2023-05-19,-36.35,-3.8,Consumer Cyclical,-25.45,-14.55,-15.71,-9.97,-60.06,-34.09,-16.6
2023-05-22,-33.3,-3.74,Consumer Cyclical,-25.41,-15.45,-19.05,-11.32,-56.52,-34.2,-16.66
2023-05-23,-34.39,-4.8,Consumer Cyclical,-26.94,-15.47,-20.07,-9.81,-56.72,-33.63,-15.45
2023-05-24,-35.39,-5.51,Consumer Cyclical,-28.5,-14.18,-20.43,-11.11,-60.81,-35.89,-16.54
2023-05-25,-34.84,-4.7,Consumer Cyclical,-29.12,-15.46,-21.02,-12.23,-62.68,-35.61,-17.77
2023-05-26,-31.8,-3.48,Consumer Cyclical,-27.22,-11.73,-21.0,-9.86,-61.89,-31.6,-16.05
2023-05-30,-29.02,-3.45,Consumer Cyclical,-27.93,-10.6,-21.72,-10.22,-63.32,-28.78,-16.17
2023-05-31,-28.05,-3.96,Consumer Cyclical,-30.4,-11.39,-22.65,-12.19,-62.73,-32.11,-18.7
2023-06-01,-26.24,-2.99,Consumer Cyclical,-28.13,-9.58,-23.34,-10.76,-61.38,-30.83,-16.94
2023-06-02,-24.0,-1.6,Consumer Cyclical,-25.41,-8.51,-20.32,-8.23,-61.28,-29.26,-14.81
2023-06-05,-22.72,-1.79,Consumer Cyclical,-26.53,-7.75,-22.21,-9.54,-60.72,-28.13,-15.62
2023-06-06,-21.41,-1.59,Consumer Cyclical,-24.02,-6.79,-21.49,-9.37,-59.65,-26.2,-14.79
2023-06-07,-20.26,-1.91,Consumer Cyclical,-23.51,-10.72,-20.82,-7.62,-60.26,-22.44,-13.17
2023-06-08,-16.64,-1.33,Consumer Cyclical,-22.48,-8.52,-21.48,-7.94,-60.11,-22.5,-13.34
2023-06-09,-13.27,-1.17,Consumer Cyclical,-22.01,-9.12,-21.73,-8.52,-60.42,-21.59,-14.41
2023-06-12,-11.36,-0.27,Consumer Cyclical,-20.21,-6.82,-21.02,-6.68,-57.01,-21.36,-13.41
2023-06-13,-8.23,0.38,Consumer Cyclical,-19.51,-6.76,-21.05,-4.95,-54.51,-19.37,-13.63
2023-06-14,-8.91,0.45,Consumer Cyclical,-19.63,-6.91,-16.58,-6.03,-53.7,-18.97,-13.74
2023-06-15,-9.22,1.72,Consumer Cyclical,-19.41,-6.48,-16.91,-4.27,-49.93,-17.55,-13.08
2023-06-16,-7.58,1.35,Consumer Cyclical,-19.28,-7.49,-16.05,-5.07,-51.91,-17.72,-13.55
2023-06-20,-2.68,0.89,Consumer Cyclical,-20.3,-7.31,-19.02,-5.77,-52.17,-18.86,-13.25
2023-06-21,-7.96,0.35,Consumer Cyclical,-20.61,-7.9,-18.7,-6.3,-53.6,-20.0,-13.45
2023-06-22,-6.15,0.71,Consumer Cyclical,-21.53,-4.59,-18.35,-6.05,-54.36,-19.03,-13.32
2023-06-23,-8.97,-0.04,Consumer Cyclical,-22.49,-5.1,-19.04,-5.88,-56.86,-20.0,-13.42
2023-06-26,-14.45,-0.45,Consumer Cyclical,-22.11,-6.35,-17.41,-4.69,-57.01,-19.49,-11.4
2023-06-27,-11.22,0.64,Consumer Cyclical,-20.0,-5.09,-16.03,-2.62,-52.21,-18.03,-9.74
2023-06-28,-9.1,0.69,Consumer Cyclical,-19.5,-5.19,-16.46,-3.01,-51.29,-16.19,-11.8
2023-06-29,-8.65,0.68,Consumer Cyclical,-19.72,-5.96,-16.21,-2.9,-51.96,-15.42,-11.42
2023-06-30,-7.15,1.85,Consumer Cyclical,-18.77,-4.3,-18.41,-1.83,-50.43,-14.54,-10.62
2023-07-03,-0.77,2.0,Consumer Cyclical,-17.66,-4.3,-18.94,-2.2,-47.7,-13.72,-10.58
2023-07-05,0.15,1.78,Consumer Cyclical,-17.31,-4.2,-20.41,-1.84,-46.73,-13.15,-10.39
2023-07-06,-1.91,0.97,Consumer Cyclical,-16.2,-5.42,-21.88,-3.46,-50.1,-15.08,-12.5
2023-07-07,-2.65,0.74,Consumer Cyclical,-14.1,-4.56,-22.34,-3.25,-47.9,-15.08,-12.31
2023-07-10,-4.32,1.01,Consumer Cyclical,-13.24,-6.15,-21.38,-0.39,-43.86,-14.61,-10.51
2023-07-11,-4.27,1.65,Consumer Cyclical,-11.87,-5.05,-20.19,-0.28,-43.71,-13.86,-9.62
2023-07-12,-3.62,2.44,Consumer Cyclical,-10.27,-3.7,-19.92,0.67,-41.91,-13.91,-8.6
2023-07-13,-1.86,3.26,Consumer Cyclical,-10.29,-1.36,-19.86,-0.24,-43.97,-14.05,-9.37
2023-07-14,-0.83,3.18,Consumer Cyclical,-11.37,-1.11,-19.78,-0.53,-45.1,-15.03,-8.87
2023-07-17,1.84,3.53,Consumer Cyclical,-12.78,-1.85,-19.22,-0.8,-45.0,-19.17,-8.99
2023-07-18,2.79,4.31,Consumer Cyclical,-12.97,-2.37,-18.48,-0.14,-45.62,-18.75,-8.79
2023-07-19,2.12,4.53,Consumer Cyclical,-12.0,-0.59,-18.36,0.2,-44.65,-19.12,-8.04
2023-07-20,-7.04,3.86,Consumer Cyclical,-13.19,-4.38,-20.09,0.23,-46.06,-19.48,-8.15
2023-07-21,-7.97,3.87,Consumer Cyclical,-12.77,-4.35,-18.96,1.18,-44.91,-20.0,-7.77
2023-07-24,-5.05,4.3,Consumer Cyclical,-12.64,-5.19,-19.18,1.26,-39.84,-19.84,-6.5
2023-07-25,-6.32,4.56,Consumer Cyclical,-12.34,-4.95,-19.52,1.24,-39.1,-21.92,-6.49
2023-07-26,-6.64,4.58,Consumer Cyclical,-12.03,-5.65,-18.79,1.29,-33.93,-21.43,-5.24
2023-07-27,-9.54,3.99,Consumer Cyclical,-12.76,-5.58,-19.99,1.61,-33.64,-21.1,-5.21
2023-07-28,-5.93,4.84,Consumer Cyclical,-12.81,-2.75,-19.29,1.68,-27.48,-23.67,-4.74
2023-07-31,-5.6,5.01,Consumer Cyclical,-12.6,-1.69,-17.98,1.36,-25.18,-23.94,-4.05
2023-08-01,-7.64,4.66,Consumer Cyclical,-12.35,-3.07,-18.34,0.57,-27.89,-22.31,-4.46
2023-08-02,-9.98,3.53,Consumer Cyclical,-14.3,-5.54,-19.71,-0.58,-28.18,-24.4,-5.45
2023-08-03,-8.23,3.31,Consumer Cyclical,-12.3,-5.04,-18.89,-1.68,-23.91,-24.07,-5.07
2023-08-04,-10.07,2.92,Consumer Cyclical,-13.99,2.52,-18.76,-3.12,-27.46,-25.22,-6.02
2023-08-07,-10.88,3.63,Consumer Cyclical,-13.77,4.4,-17.56,-3.05,-26.98,-24.95,-5.26
2023-08-08,-11.34,3.32,Consumer Cyclical,-14.23,3.17,-17.99,-3.81,-29.72,-25.21,-5.55
2023-08-09,-13.29,2.85,Consumer Cyclical,-15.34,2.03,-17.99,-4.21,-31.95,-25.85,-5.47
2023-08-10,-12.47,2.89,Consumer Cyclical,-15.97,2.42,-18.36,-3.83,-32.72,-28.28,-5.21
2023-08-11,-13.17,2.83,Consumer Cyclical,-18.45,2.34,-18.87,-2.93,-34.0,-28.37,-4.85
2023-08-14,-13.92,3.23,Consumer Cyclical,-18.04,3.51,-19.12,-2.23,-35.39,-28.11,-5.1
2023-08-15,-15.58,2.44,Consumer Cyclical,-19.22,2.05,-19.68,-2.83,-37.81,-28.99,-4.67
2023-08-16,-17.38,1.94,Consumer Cyclical,-20.14,0.74,-19.69,-3.33,-39.31,-29.68,-4.5
2023-08-17,-18.94,1.39,Consumer Cyclical,-19.9,0.2,-20.45,-4.5,-38.96,-29.6,-5.62
2023-08-18,-19.85,1.45,Consumer Cyclical,-20.0,-0.18,-20.57,-4.15,-41.86,-29.07,-5.6
2023-08-21,-15.99,1.9,Consumer Cyclical,-19.62,0.55,-21.57,-4.67,-40.88,-29.03,-6.24
2023-08-22,-15.53,1.71,Consumer Cyclical,-19.86,0.33,-22.28,-2.29,-41.45,-29.43,-6.16
2023-08-23,-14.64,2.43,Consumer Cyclical,-18.78,0.97,-23.66,-1.86,-41.27,-29.07,-5.85
2023-08-24,-16.29,1.53,Consumer Cyclical,-19.73,-0.87,-24.23,-3.1,-41.99,-29.91,-6.52
2023-08-25,-14.22,1.97,Consumer Cyclical,-19.04,-0.16,-23.62,-3.07,-41.31,-29.27,-6.47
2023-08-28,-14.17,2.41,Consumer Cyclical,-18.34,-0.22,-23.21,-3.17,-40.63,-29.31,-5.89
2023-08-29,-9.8,3.38,Consumer Cyclical,-17.27,0.66,-22.12,-2.1,-41.1,-28.72,-5.22
2023-08-30,-9.87,3.66,Consumer Cyclical,-16.82,0.74,-21.95,-0.97,-41.88,-28.8,-4.98
2023-08-31,-9.59,3.58,Consumer Cyclical,-16.93,2.21,-22.15,-0.92,-43.32,-28.4,-5.05
2023-09-01,-12.45,3.65,Consumer Cyclical,-14.96,2.22,-21.39,-0.33,-39.9,-27.81,-4.43
2023-09-05,-9.77,3.35,Consumer Cyclical,-15.67,1.81,-22.41,-0.92,-40.57,-28.0,-5.42
2023-09-06,-11.1,2.76,Consumer Cyclical,-16.22,0.63,-22.5,-1.21,-41.61,-28.1,-5.84
2023-09-07,-11.24,2.49,Consumer Cyclical,-17.47,2.32,-24.08,0.35,-44.11,-28.7,-5.21
2023-09-08,-12.24,2.62,Consumer Cyclical,-17.62,2.59,-24.28,-0.6,-44.32,-26.76,-5.13
2023-09-11,-3.84,3.26,Consumer Cyclical,-18.18,6.04,-24.93,-0.34,-42.79,-27.21,-5.22
2023-09-12,-5.93,2.72,Consumer Cyclical,-15.86,4.68,-25.3,-0.96,-41.5,-25.88,-5.81
2023-09-13,-4.62,2.84,Consumer Cyclical,-16.96,7.3,-25.43,-1.64,-44.2,-24.77,-5.92
2023-09-14,-2.99,3.7,Consumer Cyclical,-16.16,7.21,-24.62,-0.78,-42.52,-24.88,-4.87
2023-09-15,-3.56,2.45,Consumer Cyclical,-16.03,4.08,-25.33,-5.32,-42.25,-24.94,-7.17
2023-09-18,-6.68,2.56,Consumer Cyclical,-16.88,3.78,-25.89,-6.28,-42.9,-26.52,-8.33
2023-09-19,-6.26,2.36,Consumer Cyclical,-15.93,2.06,-26.57,-6.38,-52.53,-25.22,-9.08
2023-09-20,-7.61,1.42,Consumer Cyclical,-16.51,0.35,-27.02,-7.47,-51.05,-26.4,-10.13
2023-09-21,-9.99,-0.2,Consumer Cyclical,-19.71,-4.01,-28.89,-9.3,-53.08,-27.34,-11.29
2023-09-22,-13.73,-0.44,Consumer Cyclical,-19.68,-4.16,-29.46,-9.35,-52.64,-25.99,-11.58
2023-09-25,-13.0,-0.03,Consumer Cyclical,-18.75,-2.59,-29.65,-8.5,-53.62,-25.1,-11.37
2023-09-26,-14.0,-1.48,Consumer Cyclical,-20.89,-6.48,-29.98,-10.18,-53.29,-25.99,-12.49
2023-09-27,-15.26,-1.46,Consumer Cyclical,-21.37,-6.48,-30.55,-10.86,-53.02,-26.23,-12.7
2023-09-28,-13.21,-1.26,Consumer Cyclical,-18.7,-6.48,-30.39,-10.51,-50.54,-25.22,-12.22
2023-09-29,-11.87,-1.49,Consumer Cyclical,-19.15,-5.64,-25.78,-10.48,-49.82,-26.05,-12.6
2023-10-02,-11.18,-1.47,Consumer Cyclical,-19.85,-3.84,-26.09,-11.16,-50.21,-26.19,-13.01
2023-10-03,-12.93,-2.77,Consumer Cyclical,-22.02,-7.31,-25.68,-13.52,-51.21,-27.6,-15.25
2023-10-04,-7.87,-2.07,Consumer Cyclical,-20.49,-5.65,-25.07,-13.76,-49.99,-28.08,-15.12
2023-10-05,-8.25,-2.15,Consumer Cyclical,-22.44,-6.41,-25.15,-13.67,-50.93,-28.61,-15.32
2023-10-06,-8.08,-1.01,Consumer Cyclical,-20.08,-4.94,-24.13,-13.78,-50.6,-28.02,-15.0
2023-10-09,-8.38,-0.36,Consumer Cyclical,-20.18,-4.72,-24.31,-13.27,-52.7,-27.6,-14.28
2023-10-10,-7.0,0.14,Consumer Cyclical,-19.14,-3.82,-23.74,-12.42,-49.96,-26.83,-13.17
2023-10-11,-7.22,0.56,Consumer Cyclical,-18.49,-2.09,-22.94,-12.19,-49.18,-26.53,-13.51
2023-10-12,-8.66,-0.03,Consumer Cyclical,-20.05,-1.72,-22.48,-14.91,-52.14,-28.02,-14.95
2023-10-13,-11.36,-0.55,Consumer Cyclical,-21.72,-3.6,-21.97,-15.4,-51.98,-29.15,-15.26
2023-10-16,-10.39,0.47,Consumer Cyclical,-20.36,-1.56,-20.33,-14.33,-51.7,-28.44,-13.71
2023-10-17,-10.06,0.48,Consumer Cyclical,-20.4,-2.36,-19.58,-14.38,-51.64,-27.78,-14.11
2023-10-18,-14.31,-0.85,Consumer Cyclical,-24.14,-4.83,-18.99,-16.39,-55.13,-29.51,-15.75
2023-10-19,-22.18,-1.68,Consumer Cyclical,-25.58,-4.63,-19.54,-17.67,-56.37,-30.82,-16.74
2023-10-20,-25.01,-2.89,Consumer Cyclical,-24.14,-7.02,-19.84,-17.65,-56.99,-30.17,-16.84
2023-10-23,-24.98,-3.06,Consumer Cyclical,-26.07,-5.99,-19.73,-18.56,-56.93,-31.12,-17.23
2023-10-24,-23.42,-2.34,Consumer Cyclical,-25.13,-4.51,-18.17,-19.48,-54.11,-31.66,-17.73
2023-10-25,-24.86,-3.7,Consumer Cyclical,-26.3,-9.81,-19.25,-19.54,-56.88,-30.76,-18.41
2023-10-26,-27.2,-4.87,Consumer Cyclical,-26.28,-11.16,-21.57,-20.12,-56.71,-31.9,-19.25
2023-10-27,-26.66,-5.28,Consumer Cyclical,-29.06,-5.12,-22.92,-20.6,-57.78,-40.22,-19.7
2023-10-30,-30.15,-4.16,Consumer Cyclical,-28.74,-1.44,-20.4,-18.84,-57.33,-41.36,-18.26
2023-10-31,-28.92,-3.59,Consumer Cyclical,-28.08,-1.16,-19.7,-17.62,-58.57,-41.48,-17.34
2023-11-01,-26.72,-2.49,Consumer Cyclical,-28.45,1.7,-20.66,-16.99,-56.64,-39.75,-16.46
2023-11-02,-22.29,-0.7,Consumer Cyclical,-35.6,2.47,-17.7,-15.71,-54.75,-38.4,-14.24
2023-11-03,-21.79,0.19,Consumer Cyclical,-35.36,2.86,-16.3,-15.45,-52.3,-35.93,-13.94
2023-11-06,-22.03,0.38,Consumer Cyclical,-37.82,3.69,-16.16,-15.75,-53.75,-37.4,-14.23
2023-11-07,-21.01,0.65,Consumer Cyclical,-36.78,5.86,-14.6,-15.6,-54.2,-38.24,-14.17
2023-11-08,-21.04,0.73,Consumer Cyclical,-38.22,5.4,-14.57,-15.56,-54.03,-38.96,-13.84
2023-11-09,-25.27,-0.01,Consumer Cyclical,-39.16,4.32,-16.35,-17.34,-56.59,-41.05,-16.15
2023-11-10,-23.64,1.52,Consumer Cyclical,-36.6,6.49,-17.01,-15.6,-57.89,-40.09,-15.08
2023-11-13,-20.48,1.42,Consumer Cyclical,-37.01,5.77,-18.43,-15.92,-58.01,-40.33,-16.09
2023-11-14,-15.65,3.34,Consumer Cyclical,-33.72,8.13,-17.25,-12.33,-55.94,-36.84,-11.6
2023-11-15,-13.74,3.57,Consumer Cyclical,-32.99,6.22,-15.67,-11.21,-53.87,-36.41,-10.28
2023-11-16,-17.0,3.71,Consumer Cyclical,-33.94,5.95,-15.83,-12.31,-56.97,-38.28,-10.79
2023-11-17,-16.75,3.86,Consumer Cyclical,-32.26,7.68,-17.09,-11.7,-57.03,-37.62,-10.55
2023-11-20,-16.29,4.63,Consumer Cyclical,-32.02,8.38,-16.81,-11.39,-54.67,-37.2,-10.28
2023-11-21,-14.32,4.36,Consumer Cyclical,-32.55,6.98,-16.64,-14.13,-56.35,-38.1,-11.11
2023-11-22,-16.78,4.81,Consumer Cyclical,-31.88,8.74,-15.58,-13.95,-56.58,-37.68,-9.99
2023-11-24,-16.34,4.87,Consumer Cyclical,-30.66,8.76,-15.79,-13.7,-56.98,-36.83,-9.56
2023-11-27,-16.12,4.69,Consumer Cyclical,-31.73,9.38,-15.55,-13.37,-58.2,-37.2,-9.5
2023-11-28,-12.38,4.79,Consumer Cyclical,-31.62,8.9,-14.93,-13.27,-58.08,-37.02,-8.8
2023-11-29,-13.29,4.72,Consumer Cyclical,-31.35,8.42,-13.67,-13.33,-58.26,-35.68,-9.47
2023-11-30,-14.71,5.12,Consumer Cyclical,-30.88,8.26,-13.75,-13.8,-57.73,-37.68,-8.75
2023-12-01,-14.87,5.62,Consumer Cyclical,-29.35,8.74,-11.05,-11.4,-57.35,-35.08,-6.86
2023-12-04,-16.0,5.11,Consumer Cyclical,-30.32,7.27,-9.77,-9.87,-56.38,-34.37,-5.61
2023-12-05,-14.9,5.08,Consumer Cyclical,-31.95,8.71,-9.57,-10.56,-55.74,-34.97,-5.76
2023-12-06,-14.67,4.72,Consumer Cyclical,-31.93,7.05,-9.03,-9.37,-53.88,-34.43,-5.01
2023-12-07,-13.52,5.4,Consumer Cyclical,-31.95,8.71,-10.04,-9.54,-55.39,-33.64,-4.99
2023-12-08,-13.1,5.77,Consumer Cyclical,-32.8,9.09,-9.19,-9.75,-56.03,-32.49,-4.91
2023-12-11,-14.54,6.12,Consumer Cyclical,-32.15,8.01,-7.1,-10.38,-54.28,-32.13,-3.52
2023-12-12,-15.5,6.6,Consumer Cyclical,-32.29,9.16,-6.3,-9.37,-56.7,-31.58,-2.98
2023-12-13,-14.7,7.92,Consumer Cyclical,-31.34,10.13,-5.11,-6.47,-55.76,-31.1,-0.04
2023-12-14,-10.55,8.21,Consumer Cyclical,-25.28,9.11,-5.23,-2.14,-53.22,-25.99,2.38
2023-12-15,-9.69,8.06,Consumer Cyclical,-26.66,10.95,-4.82,-2.12,-52.52,-26.35,3.01
2023-12-18,-10.19,8.62,Consumer Cyclical,-26.57,13.9,-5.14,-2.78,-50.34,-26.9,2.09
2023-12-19,-8.38,9.16,Consumer Cyclical,-25.28,13.69,-4.14,-2.19,-47.56,-26.35,2.4
2023-12-20,-11.93,7.51,Consumer Cyclical,-27.12,12.48,-4.94,-3.66,-52.88,-27.69,1.56
2023-12-21,-9.33,8.36,Consumer Cyclical,-25.09,13.73,-4.21,-3.0,-50.7,-24.4,1.64
2023-12-22,-10.03,8.57,Consumer Cyclical,-25.13,13.42,-13.81,-3.23,-49.93,-24.34,1.55
2023-12-26,-8.59,8.94,Consumer Cyclical,-24.78,13.42,-13.82,-3.31,-44.54,-23.73,1.72
2023-12-27,-6.89,9.1,Consumer Cyclical,-24.62,13.37,-14.41,-3.28,-45.9,-24.09,1.53
2023-12-28,-9.8,9.11,Consumer Cyclical,-23.92,13.39,-13.29,-3.28,-43.95,-24.4,1.25
2023-12-29,-11.46,8.87,Consumer Cyclical,-24.55,12.34,-13.46,-3.43,-46.08,-25.31,1.05
2024-01-02,-11.27,8.16,Consumer Cyclical,-23.73,10.68,-14.52,-5.01,-49.02,-25.03,0.68
2024-01-03,-14.77,7.53,Consumer Cyclical,-27.76,9.62,-16.35,-7.72,-48.54,-27.36,-0.89
2024-01-04,-14.95,7.23,Consumer Cyclical,-28.46,6.78,-17.67,-8.17,-49.92,-27.53,-0.81
2024-01-05,-15.11,7.36,Consumer Cyclical,-28.55,7.27,-17.85,-7.62,-51.19,-26.52,0.39
2024-01-08,-14.06,8.85,Consumer Cyclical,-27.65,10.1,-16.63,-5.62,-51.97,-25.79,1.6
2024-01-09,-16.0,8.62,Consumer Cyclical,-29.59,11.77,-17.33,-5.68,-54.21,-26.59,1.2
2024-01-10,-16.36,9.22,Consumer Cyclical,-29.04,13.5,-16.51,-4.3,-55.12,-26.65,3.62
2024-01-11,-18.74,9.19,Consumer Cyclical,-28.46,14.57,-14.81,-4.32,-55.18,-27.39,3.56
2024-01-12,-21.68,9.23,Consumer Cyclical,-30.76,14.16,-15.48,-4.86,-56.57,-28.92,3.37
2024-01-16,-21.32,8.92,Consumer Cyclical,-30.84,13.09,-18.14,-4.21,-60.32,-28.92,3.99
2024-01-17,-22.86,8.42,Consumer Cyclical,-32.46,12.02,-18.86,-5.23,-61.83,-30.09,3.37
2024-01-18,-24.16,9.22,Consumer Cyclical,-32.34,13.34,-18.76,-5.15,-61.95,-31.81,3.87
2024-01-19,-24.05,10.34,Consumer Cyclical,-32.35,14.69,-18.09,-4.39,-63.28,-30.52,4.9
2024-01-22,-25.25,10.55,Consumer Cyclical,-31.5,14.28,-19.06,-4.45,-63.76,-30.52,3.6
2024-01-23,-25.13,10.83,Consumer Cyclical,-30.11,15.19,-17.99,-6.77,-62.37,-29.47,2.07
2024-01-24,-25.59,10.91,Consumer Cyclical,-28.89,15.81,-18.9,-8.46,-63.22,-31.57,1.16
2024-01-25,-34.49,11.43,Consumer Cyclical,-27.67,16.46,-18.9,-7.8,-63.4,-29.65,2.11
2024-01-26,-34.27,11.37,Consumer Cyclical,-26.38,17.46,-17.32,-7.85,-62.79,-29.35,3.24
2024-01-29,-31.56,12.06,Consumer Cyclical,-25.19,19.04,-16.41,-7.91,-62.79,-28.36,3.34
2024-01-30,-31.32,11.99,Consumer Cyclical,-25.8,17.38,-16.17,-6.75,-64.91,-26.94,3.72
2024-01-31,-32.85,10.45,Consumer Cyclical,-30.39,14.58,-18.3,-7.48,-65.94,-27.31,2.59
2024-02-01,-31.72,11.46,Consumer Cyclical,-28.03,17.27,-17.79,-4.22,-64.23,-24.51,4.45
2024-02-02,-32.05,12.41,Consumer Cyclical,-28.03,26.31,-18.61,-4.53,-65.24,-24.27,3.69
2024-02-05,-34.44,12.07,Consumer Cyclical,-29.09,25.23,-19.42,-5.16,-66.19,-27.61,3.13
2024-02-06,-33.01,12.35,Consumer Cyclical,-27.43,24.39,-17.09,-5.11,-62.22,-24.65,3.44
2024-02-07,-32.14,13.07,Consumer Cyclical,-29.27,25.39,-16.15,-3.58,-63.26,-20.16,5.23
2024-02-08,-31.44,13.13,Consumer Cyclical,-29.89,24.89,-16.17,-4.14,-63.5,-19.97,5.51
2024-02-09,-30.02,13.64,Consumer Cyclical,-29.27,28.24,-15.59,-3.34,-62.83,-20.9,5.36
2024-02-12,-31.94,13.6,Consumer Cyclical,-27.78,26.7,-13.45,-0.09,-61.91,-19.05,5.99
2024-02-13,-33.41,12.17,Consumer Cyclical,-31.79,24.01,-15.2,-1.99,-64.26,-20.91,3.77
2024-02-14,-31.73,13.12,Consumer Cyclical,-31.74,25.71,-14.13,-1.35,-62.41,-21.65,3.96
2024-02-15,-27.55,13.8,Consumer Cyclical,-31.51,24.85,-14.36,-0.75,-61.85,-21.9,4.76
2024-02-16,-27.73,13.28,Consumer Cyclical,-31.9,24.64,-16.39,-1.38,-61.54,-23.26,5.12
2024-02-20,-29.94,12.73,Consumer Cyclical,-32.92,22.87,-16.56,-1.96,-62.65,-23.57,5.18
2024-02-21,-29.58,12.83,Consumer Cyclical,-33.03,23.97,-14.98,-0.98,-62.59,-24.25,5.62
2024-02-22,-28.63,14.94,Consumer Cyclical,-32.89,28.33,-15.13,0.19,-63.33,-24.38,7.66
2024-02-23,-30.57,14.99,Consumer Cyclical,-33.38,28.63,-14.69,1.07,-66.12,-24.25,7.83
2024-02-26,-27.93,14.61,Consumer Cyclical,-33.13,28.44,-15.57,0.54,-64.57,-25.43,7.73
2024-02-27,-27.81,14.81,Consumer Cyclical,-32.01,27.57,-15.08,2.29,-63.76,-25.12,8.86
2024-02-28,-26.98,14.65,Consumer Cyclical,-32.06,27.3,-15.72,3.76,-65.94,-23.26,9.44
2024-02-29,-27.04,15.05,Consumer Cyclical,-31.44,29.93,-16.06,4.56,-63.95,-22.38,10.3
2024-03-01,-26.29,15.81,Consumer Cyclical,-31.26,30.45,-17.39,6.18,-62.64,-21.93,11.19
2024-03-04,-31.4,15.68,Consumer Cyclical,-31.73,29.99,-19.24,5.09,-65.4,-20.16,10.05
2024-03-05,-34.04,14.57,Consumer Cyclical,-30.93,27.48,-20.22,4.54,-64.45,-21.15,9.5
2024-03-06,-35.54,15.15,Consumer Cyclical,-32.04,27.04,-20.76,4.67,-62.62,-22.39,9.22
2024-03-07,-34.79,16.24,Consumer Cyclical,-31.49,29.44,-20.32,4.92,-62.62,-22.2,8.96
2024-03-08,-35.97,15.57,Consumer Cyclical,-31.99,28.38,-19.54,5.02,-62.43,-23.62,8.05
2024-03-11,-35.1,15.48,Consumer Cyclical,-31.71,25.92,-18.01,4.6,-60.54,-24.06,7.53
2024-03-12,-35.19,16.5,Consumer Cyclical,-31.54,28.41,-18.73,5.44,-59.97,-24.06,8.4
2024-03-13,-38.08,16.35,Consumer Cyclical,-30.67,29.26,-17.79,6.95,-61.69,-22.44,9.67
2024-03-14,-40.59,16.14,Consumer Cyclical,-33.71,30.86,-18.67,5.94,-63.86,-24.24,8.61
2024-03-15,-40.2,15.48,Consumer Cyclical,-32.81,27.71,-19.17,5.97,-63.86,-24.37,8.02
2024-03-18,-36.53,16.07,Consumer Cyclical,-32.32,27.75,-19.89,5.52,-64.12,-23.62,7.64
2024-03-19,-37.43,16.58,Consumer Cyclical,-32.22,28.79,-18.91,7.07,-66.37,-22.87,9.79
2024-03-20,-35.86,17.38,Consumer Cyclical,-31.28,30.43,-18.66,8.42,-66.95,-19.12,11.23
2024-03-21,-36.88,17.69,Consumer Cyclical,-29.94,30.43,-18.21,11.51,-67.59,-19.0,14.32
2024-03-22,-37.6,17.27,Consumer Cyclical,-31.53,30.95,-23.82,10.66,-68.3,-19.06,12.91
2024-03-25,-36.95,17.03,Consumer Cyclical,-31.21,31.57,-23.91,9.12,-68.17,-19.12,10.97
2024-03-26,-35.13,16.78,Consumer Cyclical,-33.38,30.54,-24.85,8.26,-69.01,-22.0,9.94
2024-03-27,-34.35,17.57,Consumer Cyclical,-31.6,31.65,-23.6,8.9,-69.72,-18.12,11.65
2024-03-28,-35.81,17.56,Consumer Cyclical,-30.73,32.05,-23.72,9.36,-70.82,-16.75,10.99
2024-04-01,-35.4,17.14,Consumer Cyclical,-30.93,31.92,-24.44,7.42,-68.71,-16.4,6.42
2024-04-02,-38.51,16.47,Consumer Cyclical,-32.34,31.72,-25.73,5.59,-69.36,-16.46,4.99
2024-04-03,-37.87,16.56,Consumer Cyclical,-31.98,32.96,-26.23,4.17,-69.69,-14.16,4.11
2024-04-04,-36.88,15.31,Consumer Cyclical,-33.97,31.23,-27.25,3.15,-69.62,-16.89,3.48
2024-04-05,-39.13,16.37,Consumer Cyclical,-34.43,34.86,-27.43,3.64,-70.34,-16.46,3.54
2024-04-08,-36.21,16.41,Consumer Cyclical,-33.28,34.95,-26.5,4.88,-70.47,-15.65,4.72
2024-04-09,-34.79,16.55,Consumer Cyclical,-30.79,35.19,-25.69,5.61,-68.21,-14.96,4.54
2024-04-10,-36.65,15.5,Consumer Cyclical,-34.25,35.33,-27.31,2.69,-69.01,-17.51,1.44
2024-04-11,-35.62,16.27,Consumer Cyclical,-33.54,36.89,-24.88,2.0,-69.87,-17.62,0.52
2024-04-12,-36.91,14.8,Consumer Cyclical,-34.91,35.42,-24.88,0.63,-72.2,-19.91,-0.77
2024-04-15,-40.39,13.46,Consumer Cyclical,-35.94,34.16,-23.99,-0.19,-73.66,-21.93,-2.18
2024-04-16,-42.0,13.26,Consumer Cyclical,-36.87,33.98,-23.75,-0.89,-74.2,-22.75,-3.07
2024-04-17,-42.6,12.6,Consumer Cyclical,-39.13,32.72,-22.58,-0.67,-73.53,-23.04,-3.64
2024-04-18,-44.63,12.36,Consumer Cyclical,-39.16,31.45,-21.85,-0.7,-72.93,-22.92,-3.62
2024-04-19,-45.68,11.45,Consumer Cyclical,-38.89,28.62,-22.83,-0.1,-74.27,-22.45,-2.91
2024-04-22,-47.51,12.38,Consumer Cyclical,-38.48,30.22,-23.11,0.31,-72.93,-18.12,-2.7
2024-04-23,-46.55,13.77,Consumer Cyclical,-38.35,31.78,-23.24,1.3,-72.86,-17.76,-1.87
2024-04-24,-40.16,13.69,Consumer Cyclical,-37.34,29.79,-22.74,-0.08,-71.92,-17.7,-3.59
2024-04-25,-37.21,13.23,Consumer Cyclical,-38.45,27.82,-23.31,-0.22,-72.05,-17.15,-3.88
2024-04-26,-37.9,14.34,Consumer Cyclical,-37.51,31.84,-23.16,-0.26,-69.62,-18.67,-2.99
2024-04-29,-28.46,14.73,Consumer Cyclical,-36.46,32.74,-23.21,0.19,-68.88,-18.92,-2.5
2024-04-30,-32.41,12.94,Consumer Cyclical,-37.69,28.55,-24.68,-1.07,-68.07,-22.66,-3.24
2024-05-01,-33.04,12.36,Consumer Cyclical,-38.13,30.83,-25.79,-1.25,-63.27,-21.97,-3.82
2024-05-02,-33.04,13.38,Consumer Cyclical,-31.21,34.79,-24.14,-0.38,-61.15,-20.19,-2.82
2024-05-03,-32.61,14.75,Consumer Cyclical,-28.61,35.82,-24.35,0.69,-61.28,-20.56,-0.76
2024-05-06,-31.32,15.88,Consumer Cyclical,-25.53,37.54,-23.38,0.51,-60.48,-20.13,-0.92
2024-05-07,-33.86,16.04,Consumer Cyclical,-26.75,37.58,-23.04,0.41,-61.7,-22.19,-1.37
2024-05-08,-34.99,16.05,Consumer Cyclical,-26.58,37.04,-23.19,0.67,-63.67,-22.32,-1.9
2024-05-09,-35.99,16.7,Consumer Cyclical,-26.15,38.11,-23.35,2.39,-62.93,-22.44,0.54
2024-05-10,-37.26,16.85,Consumer Cyclical,-26.94,36.67,-25.33,1.92,-64.69,-23.32,0.26
2024-05-13,-36.02,16.85,Consumer Cyclical,-26.98,36.03,-23.89,1.05,-62.38,-21.19,-1.29
2024-05-14,-33.94,17.4,Consumer Cyclical,-26.89,36.39,-23.84,0.45,-59.77,-20.5,-1.42
2024-05-15,-35.25,18.81,Consumer Cyclical,-27.86,35.61,-24.75,2.38,-62.93,-21.32,0.91
2024-05-16,-34.93,18.58,Consumer Cyclical,-27.37,33.92,-24.67,0.74,-63.41,-20.88,-0.79
2024-05-17,-33.97,18.76,Consumer Cyclical,-27.53,34.69,-24.33,0.25,-63.28,-21.51,-0.36
2024-05-20,-34.89,18.87,Consumer Cyclical,-27.68,33.85,-24.67,-0.58,-63.69,-22.33,-2.19
2024-05-21,-30.6,19.19,Consumer Cyclical,-27.4,33.57,-23.81,-2.43,-63.48,-22.33,-2.67
2024-05-22,-32.99,18.84,Consumer Cyclical,-27.85,33.56,-24.07,-4.03,-63.55,-23.09,-4.26
2024-05-23,-35.34,17.97,Consumer Cyclical,-28.92,32.05,-24.97,-5.6,-66.59,-22.58,-5.31
2024-05-24,-33.31,18.76,Consumer Cyclical,-27.22,31.84,-24.68,-6.58,-66.38,-22.27,-5.82
2024-05-28,-34.23,18.86,Consumer Cyclical,-26.79,32.85,-24.48,-6.51,-65.9,-25.32,-4.79
2024-05-29,-34.44,18.03,Consumer Cyclical,-27.99,32.75,-24.75,-6.98,-65.69,-26.08,-5.59
2024-05-30,-33.48,17.25,Consumer Cyclical,-27.66,30.8,-23.3,-6.47,-62.45,-24.75,-4.66
2024-05-31,-33.74,18.26,Consumer Cyclical,-26.69,28.72,-21.99,-3.96,-62.51,-22.46,-3.03
2024-06-03,-33.83,18.08,Consumer Cyclical,-25.23,29.59,-22.15,-5.82,-61.81,-21.71,-4.91
2024-06-04,-34.38,18.22,Consumer Cyclical,-25.83,30.31,-21.87,-5.91,-62.72,-22.72,-4.84
2024-06-05,-34.3,19.6,Consumer Cyclical,-27.36,31.7,-22.21,-4.65,-62.3,-22.47,-4.27
2024-06-06,-33.22,19.58,Consumer Cyclical,-27.56,34.37,-21.08,-5.09,-64.81,-22.47,-4.03
2024-06-07,-33.39,19.43,Consumer Cyclical,-27.48,33.87,-20.4,-5.85,-65.37,-21.96,-5.19
2024-06-10,-34.74,19.81,Consumer Cyclical,-28.71,35.85,-20.85,-5.24,-66.13,-20.5,-3.61
2024-06-11,-35.9,20.08,Consumer Cyclical,-31.4,35.97,-20.95,-5.13,-67.97,-22.23,-2.7
2024-06-12,-33.45,21.06,Consumer Cyclical,-32.2,35.72,-22.74,-2.27,-68.04,-22.42,-0.28
2024-06-13,-31.54,21.28,Consumer Cyclical,-32.81,33.52,-22.33,-1.48,-68.33,-23.31,0.79
2024-06-14,-33.19,21.38,Consumer Cyclical,-36.16,33.39,-22.98,-2.99,-68.89,-24.78,0.49
2024-06-17,-29.7,22.32,Consumer Cyclical,-35.64,33.68,-21.66,-1.52,-68.19,-23.88,1.26
2024-06-18,-30.66,22.64,Consumer Cyclical,-35.92,32.78,-21.84,-1.09,-68.19,-24.33,2.51
2024-06-20,-31.88,22.31,Consumer Cyclical,-33.69,35.16,-21.2,-1.19,-68.9,-23.31,2.39
