Date,rate_AAPL,rate_VOO,Sector,rate_ADBE,rate_ADSK,rate_AMD,rate_FSLR,rate_IONQ,rate_MSFT,rate_NVDA,rate_PLTR,rate_SQ,rate_U
2022-01-03,0.0,0.0,Technology,0.0,0.0,0.0,0.0,0.0,0.0,0.0,0.0,0.0,0.0
2022-01-04,-0.63,-0.02,Technology,-0.91,-0.97,-1.93,-0.73,-2.95,-0.84,-1.38,-0.97,-2.32,-3.18
2022-01-05,-1.93,-0.97,Technology,-4.4,-3.42,-4.67,-2.85,-5.98,-2.7,-4.17,-4.23,-6.2,-6.29
2022-01-06,-2.73,-1.04,Technology,-4.43,-3.45,-4.64,-2.59,-7.52,-3.06,-3.22,-4.83,-5.85,-6.74
2022-01-07,-2.68,-1.21,Technology,-4.73,-3.77,-6.04,-2.19,-8.87,-3.04,-4.76,-5.31,-6.79,-6.51
2022-01-10,-2.68,-1.27,Technology,-3.39,-3.76,-6.04,-2.41,-10.75,-3.01,-4.51,-5.47,-5.9,-4.51
2022-01-11,-1.48,-0.63,Technology,-2.85,-1.55,-3.28,-2.28,-6.16,-2.85,-3.44,-3.83,-4.03,-2.46
2022-01-12,-1.29,-0.4,Technology,-2.52,-1.82,-3.2,-2.56,-8.97,-2.1,-2.97,-4.55,-5.43,-2.77
2022-01-13,-2.68,-1.43,Technology,-4.59,-4.35,-5.66,-3.71,-14.17,-5.15,-6.63,-7.54,-9.47,-9.72
2022-01-14,-2.31,-1.41,Technology,-4.1,-4.64,-3.51,-3.51,-14.41,-3.93,-5.68,-7.54,-11.21,-8.98
2022-01-18,-3.67,-2.7,Technology,-5.07,-6.54,-6.08,-4.81,-17.83,-5.64,-8.36,-11.92,-12.76,-11.9
2022-01-19,-5.15,-3.45,Technology,-4.64,-5.91,-7.98,-4.92,-19.75,-5.48,-10.5,-13.64,-13.65,-11.67
2022-01-20,-5.87,-4.24,Technology,-5.4,-6.44,-11.3,-4.82,-20.08,-5.88,-12.86,-13.39,-13.91,-11.4
2022-01-21,-6.74,-5.63,Technology,-6.87,-9.98,-12.9,-8.84,-24.01,-7.14,-14.86,-17.98,-18.4,-15.14
2022-01-24,-7.06,-5.34,Technology,-4.22,-8.33,-14.09,-7.88,-23.96,-7.06,-14.86,-18.53,-18.78,-12.86
2022-01-25,-7.98,-6.33,Technology,-6.85,-12.02,-17.46,-9.91,-26.59,-9.17,-18.11,-20.27,-19.95,-17.42
2022-01-26,-8.02,-6.51,Technology,-7.15,-12.18,-17.72,-9.47,-25.01,-6.97,-16.72,-21.87,-22.45,-20.47
2022-01-27,-8.25,-6.91,Technology,-8.35,-13.65,-22.79,-13.7,-32.01,-6.13,-19.29,-24.28,-25.58,-23.67
2022-01-28,-2.75,-4.96,Technology,-4.45,-10.18,-21.14,-12.48,-28.63,-3.87,-16.51,-22.07,-22.82,-23.53
2022-01-31,-0.55,-3.46,Technology,-1.95,-6.92,-15.51,-7.42,-20.75,-3.14,-11.4,-16.93,-15.87,-16.7
2022-02-01,-0.62,-2.79,Technology,-1.62,-6.71,-13.36,-7.91,-15.41,-3.66,-10.55,-13.75,-12.11,-14.32
2022-02-02,0.01,-1.97,Technology,-2.09,-7.3,-9.43,-9.33,-19.8,-2.35,-8.59,-18.52,-20.44,-18.39
2022-02-03,-1.5,-4.0,Technology,-5.7,-10.71,-11.19,-14.75,-20.42,-5.77,-12.8,-23.24,-28.13,-25.04
2022-02-04,-1.76,-3.6,Technology,-5.26,-9.55,-8.87,-15.05,-11.08,-4.45,-11.59,-20.58,-23.61,-13.72
2022-02-07,-2.13,-3.88,Technology,-6.31,-9.8,-8.83,-16.39,-9.29,-5.85,-10.26,-20.36,-27.33,-15.79
2022-02-08,-0.42,-3.15,Technology,-5.59,-9.58,-5.66,-15.65,-10.79,-4.78,-8.95,-19.38,-27.67,-14.38
2022-02-09,0.36,-1.81,Technology,-3.81,-5.96,-2.45,-11.38,-2.25,-2.81,-3.46,-15.22,-20.73,-8.46
2022-02-10,-1.88,-3.44,Technology,-8.37,-10.49,-7.37,-14.72,0.95,-5.43,-6.49,-17.01,-23.29,-10.53
2022-02-11,-3.76,-5.24,Technology,-11.96,-14.52,-16.11,-16.87,14.39,-7.6,-12.94,-19.5,-23.99,-11.57
2022-02-14,-3.63,-5.53,Technology,-11.96,-14.6,-15.36,-18.09,12.56,-7.62,-11.85,-18.74,-21.52,-14.38
2022-02-15,-1.47,-4.08,Technology,-11.0,-12.26,-10.21,-13.6,12.83,-5.95,-3.97,-13.33,-19.09,-9.78
2022-02-16,-1.61,-3.98,Technology,-11.31,-12.13,-12.91,-14.1,7.77,-6.25,-3.92,-14.52,-23.31,-12.32
2022-02-17,-3.63,-5.93,Technology,-14.8,-15.87,-16.72,-16.09,5.5,-8.92,-11.0,-27.61,-26.69,-18.47
2022-02-18,-4.51,-6.5,Technology,-17.45,-18.24,-15.67,-17.7,0.17,-9.77,-14.06,-32.08,-30.96,-20.91
2022-02-22,-6.15,-7.48,Technology,-18.18,-18.67,-14.37,-20.86,-0.83,-9.83,-14.95,-35.29,-33.55,-23.17
2022-02-23,-8.5,-9.06,Technology,-19.74,-21.06,-18.58,-21.96,-6.22,-12.1,-18.49,-35.59,-37.07,-24.69
2022-02-24,-7.03,-7.73,Technology,-13.74,-17.75,-13.68,-17.15,6.3,-7.74,-13.68,-27.26,-32.81,-17.77
2022-02-25,-5.86,-5.81,Technology,-13.44,-17.23,-10.5,-15.25,2.97,-6.91,-12.24,-29.4,-15.97,-17.11
2022-02-28,-5.71,-6.04,Technology,-13.06,-17.01,-8.87,-9.89,8.83,-6.46,-11.43,-27.14,-10.76,-15.26
2022-03-01,-6.58,-7.18,Technology,-12.84,-18.7,-15.27,-9.21,-1.1,-7.42,-14.24,-24.38,-11.39,-16.66
2022-03-02,-4.76,-5.58,Technology,-12.06,-17.82,-12.15,-16.19,-0.06,-5.85,-11.66,-25.08,-12.59,-18.64
2022-03-03,-4.94,-6.03,Technology,-14.16,-20.12,-16.57,-18.64,-9.07,-7.12,-13.42,-29.31,-19.27,-23.52
2022-03-04,-6.6,-6.74,Technology,-15.36,-20.95,-19.07,-13.52,-14.88,-8.94,-16.12,-31.53,-24.4,-27.99
2022-03-07,-8.7,-9.33,Technology,-17.82,-23.99,-22.9,-9.92,-18.15,-12.22,-21.62,-30.65,-30.4,-33.44
2022-03-08,-9.74,-9.98,Technology,-18.96,-25.14,-21.03,-4.63,-18.95,-13.15,-21.04,-31.08,-28.25,-34.0
2022-03-09,-6.68,-7.69,Technology,-15.53,-21.87,-17.03,-5.37,-14.06,-9.31,-15.69,-27.39,-20.46,-28.68
2022-03-10,-9.14,-8.09,Technology,-17.64,-23.73,-20.36,-8.17,-12.38,-10.19,-16.96,-26.06,-22.57,-32.41
2022-03-11,-11.24,-9.21,Technology,-21.64,-26.48,-21.93,-9.46,-15.2,-11.87,-18.95,-28.96,-27.35,-35.75
2022-03-14,-13.52,-9.84,Technology,-22.51,-27.8,-23.41,-13.44,-21.37,-12.97,-21.7,-34.35,-32.23,-39.28
2022-03-15,-11.01,-7.92,Technology,-20.67,-26.4,-18.19,-9.92,-14.03,-9.68,-15.76,-32.69,-26.45,-36.94
2022-03-16,-8.47,-5.92,Technology,-16.92,-21.88,-13.74,-6.8,-10.09,-7.45,-10.25,-26.41,-17.36,-28.58
2022-03-17,-7.89,-4.8,Technology,-16.55,-19.21,-16.45,-6.06,-4.92,-7.2,-9.27,-23.15,-9.01,-24.57
2022-03-18,-6.0,-3.77,Technology,-14.93,-18.59,-15.15,-6.79,-1.32,-5.6,-3.17,-20.08,-0.12,-21.05
2022-03-21,-5.21,-3.77,Technology,-14.88,-18.94,-13.34,-7.04,0.58,-5.99,-2.16,-21.49,-4.2,-23.45
2022-03-22,-3.26,-2.68,Technology,-12.55,-17.33,-14.18,-5.03,1.74,-4.48,-2.92,-17.28,0.71,-20.83
2022-03-23,-2.47,-3.9,Technology,-20.44,-20.82,-14.82,-6.33,-2.42,-5.88,-6.16,-17.84,-3.79,-20.17
2022-03-24,-0.28,-2.83,Technology,-18.77,-18.68,-9.92,-4.49,-4.13,-4.47,2.99,-16.54,-4.03,-18.93
2022-03-25,0.09,-2.35,Technology,-18.86,-19.03,-10.56,-4.35,-9.39,-4.6,1.33,-19.14,-7.37,-23.58
2022-03-28,0.59,-1.69,Technology,-15.53,-17.8,-10.14,0.93,-9.66,-2.44,3.24,-16.36,-1.88,-20.26
2022-03-29,2.49,-0.48,Technology,-12.57,-14.96,-7.92,1.53,-14.8,-0.99,4.83,-11.51,4.27,-15.57
2022-03-30,1.82,-1.09,Technology,-13.71,-15.71,-10.89,-1.64,-14.94,-1.47,1.31,-13.5,-0.48,-17.76
2022-03-31,0.03,-2.57,Technology,-14.51,-18.2,-18.21,0.51,-12.27,-3.17,-0.16,-14.43,-3.65,-19.38
2022-04-01,-0.14,-2.24,Technology,-13.63,-18.14,-18.5,0.81,-10.31,-2.75,-2.18,-13.4,-4.9,-19.03
2022-04-04,2.13,-1.45,Technology,-11.77,-16.06,-16.82,0.75,-6.45,-1.09,0.11,-8.58,3.02,-11.41
2022-04-05,0.52,-2.62,Technology,-13.6,-18.74,-19.54,-3.52,-13.56,-2.15,-5.03,-12.46,-2.49,-17.54
2022-04-06,-1.02,-3.57,Technology,-16.16,-21.56,-21.86,-6.11,-15.12,-5.09,-10.51,-17.11,-6.73,-23.2
2022-04-07,-0.87,-3.1,Technology,-14.66,-21.25,-21.82,-5.63,-14.17,-4.61,-11.22,-17.95,-8.42,-23.23
2022-04-08,-1.85,-3.33,Technology,-15.98,-22.18,-23.82,-6.72,-14.98,-5.75,-15.13,-18.68,-10.03,-25.76
2022-04-11,-3.92,-4.94,Technology,-17.94,-23.38,-26.48,-5.25,-25.34,-8.77,-19.45,-18.89,-10.11,-25.89
2022-04-12,-2.91,-5.28,Technology,-19.35,-24.46,-28.17,-4.97,-23.97,-9.7,-20.95,-20.05,-10.24,-26.25
2022-04-13,-1.47,-4.23,Technology,-18.45,-22.36,-26.21,-4.25,-21.37,-8.09,-18.42,-17.49,-8.15,-23.06
2022-04-14,-4.16,-5.37,Technology,-20.51,-24.24,-29.68,-6.13,-26.23,-10.34,-21.85,-20.29,-11.28,-27.02
2022-04-18,-4.28,-5.35,Technology,-19.59,-24.31,-29.06,-5.49,-26.64,-10.14,-19.94,-21.86,-12.54,-28.57
2022-04-19,-3.0,-3.88,Technology,-17.58,-21.56,-26.8,-5.41,-24.43,-8.69,-18.43,-17.2,-8.22,-24.97
2022-04-20,-3.09,-3.95,Technology,-19.1,-22.28,-28.97,-7.55,-32.14,-8.37,-21.04,-17.94,-15.92,-31.35
2022-04-21,-3.54,-5.34,Technology,-21.05,-24.85,-32.08,-10.54,-34.2,-10.06,-25.78,-20.75,-20.64,-35.46
2022-04-22,-6.08,-7.86,Technology,-22.67,-27.81,-33.35,-12.99,-36.4,-12.12,-28.22,-23.02,-24.13,-37.89
2022-04-25,-5.48,-7.37,Technology,-21.7,-26.35,-31.45,-12.9,-36.68,-10.08,-26.81,-22.1,-20.87,-34.88
2022-04-26,-8.9,-9.95,Technology,-24.42,-28.46,-35.59,-14.11,-43.86,-13.36,-30.89,-28.31,-25.79,-39.08
2022-04-27,-9.03,-9.73,Technology,-24.65,-30.39,-35.78,-13.27,-43.17,-9.3,-32.26,-31.83,-26.17,-43.65
2022-04-28,-5.06,-7.52,Technology,-22.33,-24.58,-32.24,-13.13,-42.41,-7.3,-27.25,-29.38,-22.82,-42.61
2022-04-29,-8.42,-10.83,Technology,-25.01,-27.06,-35.32,-12.2,-45.44,-11.08,-31.77,-32.83,-26.45,-45.47
2022-05-02,-8.01,-9.99,Technology,-22.27,-24.96,-31.17,-11.15,-44.21,-8.66,-27.36,-29.82,-21.32,-42.4
2022-05-03,-7.16,-9.62,Technology,-22.22,-24.84,-30.21,-9.41,-49.11,-9.49,-27.11,-31.02,-23.84,-43.04
2022-05-04,-3.49,-6.99,Technology,-19.35,-20.89,-24.02,-5.17,-46.69,-6.95,-24.44,-28.31,-20.66,-41.79
2022-05-05,-8.68,-10.13,Technology,-23.5,-22.9,-28.16,-7.87,-55.45,-10.87,-29.86,-33.74,-28.69,-47.8
2022-05-06,-8.39,-10.67,Technology,-25.23,-24.63,-27.06,-12.92,-57.59,-11.68,-30.48,-37.78,-28.23,-51.6
2022-05-09,-11.31,-13.43,Technology,-27.8,-27.42,-33.77,-17.51,-63.39,-14.83,-36.75,-50.53,-37.04,-57.26
2022-05-10,-9.91,-13.22,Technology,-24.81,-27.39,-31.98,-18.31,-64.8,-13.29,-34.37,-51.63,-36.65,-59.13
2022-05-11,-14.49,-14.58,Technology,-27.35,-29.56,-32.59,-25.3,-68.6,-16.1,-37.93,-55.39,-46.25,-73.9
2022-05-12,-16.74,-14.64,Technology,-25.65,-27.91,-33.24,-25.68,-65.64,-17.73,-39.6,-51.31,-42.94,-69.93
2022-05-13,-14.14,-12.68,Technology,-22.5,-23.35,-27.16,-22.28,-62.54,-15.92,-33.97,-44.84,-36.82,-66.61
2022-05-16,-15.04,-12.99,Technology,-22.98,-25.05,-27.83,-24.05,-64.94,-15.8,-35.59,-46.78,-40.07,-69.06
2022-05-17,-12.91,-11.29,Technology,-21.72,-23.88,-21.59,-20.89,-58.88,-14.11,-32.21,-44.69,-36.3,-67.19
2022-05-18,-17.75,-14.71,Technology,-23.9,-26.81,-26.28,-20.94,-60.73,-18.16,-36.8,-46.98,-38.32,-67.96
2022-05-19,-19.75,-15.27,Technology,-24.55,-24.62,-25.98,-19.61,-58.02,-18.46,-36.11,-45.02,-34.56,-64.43
2022-05-20,-19.61,-15.25,Technology,-23.68,-25.5,-28.39,-20.45,-59.45,-18.64,-37.7,-46.52,-37.3,-64.71
2022-05-23,-16.44,-13.68,Technology,-22.26,-28.52,-27.2,-20.1,-58.52,-16.07,-36.95,-46.98,-37.33,-64.95
2022-05-24,-18.03,-14.29,Technology,-23.81,-30.04,-30.17,-21.87,-61.17,-16.4,-39.71,-50.0,-42.93,-69.85
2022-05-25,-17.93,-13.59,Technology,-23.05,-27.37,-29.04,-20.12,-58.81,-15.48,-36.66,-47.31,-41.39,-68.02
2022-05-26,-16.05,-11.92,Technology,-21.91,-25.42,-24.39,-17.67,-58.52,-14.4,-33.41,-44.67,-37.32,-67.24
2022-05-27,-12.66,-9.77,Technology,-18.27,-17.86,-21.72,-12.94,-57.3,-12.07,-29.84,-41.45,-32.03,-64.71
2022-05-31,-13.12,-10.26,Technology,-20.45,-19.25,-22.03,-14.62,-58.59,-12.51,-30.36,-42.57,-34.27,-65.85
2022-06-01,-12.83,-10.69,Technology,-19.58,-18.85,-21.89,-13.91,-60.17,-11.99,-30.79,-42.79,-37.37,-65.25
2022-06-02,-11.4,-9.06,Technology,-15.32,-16.31,-16.33,-9.9,-56.47,-11.31,-26.09,-37.27,-33.27,-60.37
2022-06-03,-14.76,-10.5,Technology,-17.48,-18.5,-18.07,-9.07,-58.46,-12.75,-29.34,-39.67,-36.54,-62.46
2022-06-06,-14.32,-10.26,Technology,-17.54,-18.41,-18.57,-12.61,-57.64,-13.16,-29.09,-39.4,-36.32,-61.53
2022-06-07,-12.83,-9.4,Technology,-16.8,-18.96,-18.85,-12.6,-58.54,-11.97,-28.57,-38.39,-35.4,-60.19
2022-06-08,-13.26,-10.37,Technology,-17.66,-20.29,-21.44,-12.98,-56.15,-12.63,-29.61,-38.05,-35.28,-58.88
2022-06-09,-16.35,-12.42,Technology,-18.11,-23.64,-23.81,-15.23,-60.04,-14.41,-31.87,-41.42,-41.49,-62.88
2022-06-10,-19.55,-14.93,Technology,-24.23,-26.72,-26.86,-17.44,-63.1,-18.14,-35.91,-44.24,-45.07,-66.79
2022-06-13,-22.6,-18.12,Technology,-28.4,-32.13,-32.85,-23.33,-66.02,-21.54,-40.9,-48.41,-51.98,-69.05
2022-06-14,-22.09,-18.32,Technology,-28.55,-32.71,-32.85,-24.76,-65.34,-20.82,-40.19,-47.2,-53.85,-69.58
2022-06-15,-20.54,-17.18,Technology,-27.41,-30.73,-31.09,-22.24,-62.42,-18.5,-37.59,-45.18,-51.87,-67.43
2022-06-16,-23.66,-19.83,Technology,-29.63,-35.52,-36.64,-24.69,-64.22,-20.67,-41.08,-48.21,-55.97,-70.39
2022-06-17,-22.78,-19.62,Technology,-30.44,-34.18,-37.0,-19.0,-62.12,-19.81,-40.03,-44.37,-55.21,-68.04
2022-06-21,-20.28,-17.71,Technology,-30.02,-34.53,-35.3,-17.2,-61.37,-17.86,-37.44,-41.2,-53.68,-66.29
2022-06-22,-20.58,-17.88,Technology,-29.58,-33.65,-35.33,-17.92,-62.49,-18.06,-38.22,-39.18,-53.59,-64.75
2022-06-23,-18.89,-17.04,Technology,-27.46,-28.14,-36.34,-15.51,-61.52,-16.23,-38.73,-36.15,-48.56,-60.02
2022-06-24,-16.92,-14.53,Technology,-25.38,-24.64,-32.79,-14.94,-61.59,-13.4,-35.33,-31.23,-45.73,-57.94
2022-06-27,-16.92,-14.84,Technology,-26.63,-27.19,-33.49,-14.27,-63.69,-14.3,-36.3,-35.07,-46.92,-60.12
2022-06-28,-19.37,-16.63,Technology,-29.53,-30.69,-37.61,-17.74,-64.74,-16.99,-39.65,-37.16,-49.83,-63.42
2022-06-29,-18.33,-16.92,Technology,-28.99,-30.68,-39.74,-18.84,-66.47,-15.78,-41.31,-37.7,-51.16,-64.44
2022-06-30,-19.79,-17.56,Technology,-29.45,-32.57,-40.91,-17.28,-67.07,-16.87,-42.75,-38.78,-52.97,-66.85
2022-07-01,-18.0,-16.28,Technology,-28.21,-30.97,-41.89,-16.79,-65.18,-15.56,-43.93,-36.42,-49.74,-64.42
2022-07-05,-16.52,-16.14,Technology,-26.74,-29.83,-40.75,-19.05,-64.01,-14.54,-42.31,-31.18,-47.65,-60.26
2022-07-06,-15.74,-15.85,Technology,-25.56,-29.89,-40.63,-19.14,-63.56,-13.49,-41.68,-32.98,-48.98,-61.2
2022-07-07,-13.74,-14.65,Technology,-24.03,-27.76,-37.57,-13.72,-60.15,-12.79,-38.91,-30.41,-46.16,-58.23
2022-07-08,-13.34,-14.7,Technology,-24.31,-28.7,-37.53,-11.46,-59.99,-13.03,-38.99,-30.48,-47.41,-57.57
2022-07-11,-14.6,-15.64,Technology,-25.31,-29.92,-39.4,-15.36,-63.59,-14.03,-41.62,-34.63,-50.34,-61.17
2022-07-12,-14.02,-16.4,Technology,-26.95,-31.63,-39.86,-16.42,-64.69,-17.48,-41.88,-35.11,-48.94,-62.65
2022-07-13,-14.24,-16.77,Technology,-27.63,-32.17,-38.95,-15.52,-65.0,-17.78,-41.57,-36.54,-49.63,-69.11
2022-07-14,-12.5,-16.99,Technology,-27.44,-32.16,-38.11,-13.23,-65.32,-17.35,-40.77,-39.13,-50.97,-69.4
2022-07-15,-11.51,-15.46,Technology,-26.13,-30.12,-36.14,-20.25,-64.22,-16.51,-39.28,-38.17,-48.2,-68.28
2022-07-18,-13.32,-16.14,Technology,-27.01,-29.72,-35.89,-18.13,-63.75,-17.29,-37.97,-38.24,-47.98,-66.82
2022-07-19,-11.03,-13.93,Technology,-24.62,-26.78,-32.4,-13.7,-62.64,-15.61,-34.55,-36.12,-45.65,-66.47
2022-07-20,-9.84,-13.4,Technology,-22.02,-22.25,-29.62,-10.87,-59.57,-14.74,-31.42,-30.87,-41.33,-61.92
2022-07-21,-8.49,-12.55,Technology,-20.62,-21.19,-28.32,-10.53,-58.47,-13.92,-30.48,-28.27,-41.35,-62.04
2022-07-22,-9.23,-13.32,Technology,-21.95,-22.42,-30.66,-11.35,-61.46,-15.35,-33.29,-32.71,-43.66,-65.7
2022-07-25,-9.89,-13.24,Technology,-23.83,-22.51,-31.1,-9.45,-60.99,-15.84,-34.43,-33.8,-43.95,-66.57
2022-07-26,-10.56,-14.25,Technology,-26.24,-23.54,-32.9,-10.16,-62.73,-18.04,-36.32,-35.72,-47.88,-68.46
2022-07-27,-7.99,-12.07,Technology,-23.68,-19.51,-29.32,-6.28,-59.73,-12.68,-31.48,-31.48,-42.91,-65.0
2022-07-28,-7.71,-10.99,Technology,-21.64,-16.1,-27.87,7.99,-58.23,-10.24,-30.73,-30.73,-41.41,-64.68
2022-07-29,-5.15,-9.72,Technology,-20.39,-14.47,-25.67,20.97,-57.36,-8.86,-30.05,-29.23,-40.33,-64.85
2022-08-01,-5.5,-9.72,Technology,-19.67,-13.4,-23.23,20.79,-57.01,-9.47,-28.21,-27.66,-37.94,-61.73
2022-08-02,-6.12,-10.15,Technology,-19.83,-13.97,-21.76,20.93,-55.44,-10.23,-27.97,-25.36,-37.19,-60.28
2022-08-03,-3.6,-9.12,Technology,-17.74,-13.31,-22.47,19.85,-53.1,-8.42,-26.91,-23.93,-31.93,-57.33
2022-08-04,-3.73,-9.18,Technology,-16.87,-12.29,-19.05,20.6,-51.3,-8.14,-25.98,-23.31,-30.98,-57.13
2022-08-05,-3.92,-9.31,Technology,-16.46,-12.36,-19.99,22.22,-49.97,-8.31,-26.63,-22.65,-32.13,-55.18
2022-08-08,-4.12,-9.37,Technology,-16.33,-12.65,-21.3,25.08,-51.72,-8.93,-30.08,-30.98,-33.44,-53.95
2022-08-09,-4.1,-9.62,Technology,-17.34,-13.34,-23.75,25.76,-53.95,-8.49,-31.98,-33.71,-35.76,-53.58
2022-08-10,-2.41,-8.33,Technology,-15.8,-11.14,-21.85,27.38,-50.63,-6.97,-29.27,-32.09,-31.66,-50.24
2022-08-11,-2.7,-8.33,Technology,-16.26,-10.88,-22.36,27.4,-52.04,-7.44,-29.68,-32.9,-33.18,-51.08
2022-08-12,-1.29,-7.26,Technology,-14.86,-9.34,-20.89,28.41,-51.28,-6.36,-27.62,-30.55,-32.13,-48.38
2022-08-15,-0.86,-6.98,Technology,-14.16,-9.06,-20.8,28.48,-50.47,-6.02,-26.76,-30.55,-32.79,-51.05
2022-08-16,-0.93,-6.87,Technology,-14.6,-9.16,-21.22,28.29,-39.86,-6.18,-27.15,-31.35,-33.22,-51.45
2022-08-17,-0.34,-7.3,Technology,-15.83,-10.58,-22.24,28.18,-42.59,-6.48,-28.56,-32.81,-36.11,-52.39
2022-08-18,-0.5,-7.11,Technology,-15.68,-10.41,-21.1,28.42,-43.8,-6.72,-27.43,-34.13,-36.42,-52.98
2022-08-19,-1.5,-7.96,Technology,-17.45,-12.05,-23.46,28.04,-49.1,-7.58,-29.82,-37.13,-39.21,-55.1
2022-08-22,-3.02,-9.24,Technology,-19.18,-13.67,-25.1,27.89,-50.15,-9.37,-31.94,-39.2,-39.91,-56.61
2022-08-23,-3.15,-9.38,Technology,-19.3,-14.4,-25.28,27.85,-50.1,-9.65,-31.55,-39.5,-41.03,-56.78
2022-08-24,-3.04,-9.2,Technology,-19.91,-14.19,-25.16,30.25,-49.32,-9.79,-31.44,-39.06,-40.12,-56.25
2022-08-25,-2.08,-8.33,Technology,-20.13,-12.68,-22.78,32.18,-47.97,-9.13,-29.61,-37.47,-39.03,-54.28
2022-08-26,-4.53,-10.4,Technology,-23.07,-15.95,-25.98,32.22,-51.35,-11.46,-33.99,-39.85,-42.14,-57.0
2022-08-29,-5.39,-10.79,Technology,-23.81,-16.49,-27.42,32.18,-51.35,-12.08,-35.2,-40.49,-42.75,-57.09
2022-08-30,-6.35,-11.42,Technology,-23.84,-17.27,-28.26,32.61,-52.97,-12.57,-36.1,-40.59,-42.02,-58.28
2022-08-31,-7.0,-11.87,Technology,-24.05,-17.56,-29.37,36.24,-52.65,-12.89,-37.12,-40.94,-42.1,-58.19
2022-09-01,-6.54,-11.4,Technology,-23.81,-17.05,-29.96,35.5,-52.07,-12.79,-39.22,-41.02,-41.11,-57.6
2022-09-02,-7.35,-11.98,Technology,-24.12,-17.91,-31.06,34.54,-52.52,-13.71,-39.99,-41.46,-42.42,-57.9
2022-09-06,-7.84,-12.17,Technology,-24.1,-18.04,-31.86,35.34,-52.88,-14.3,-40.47,-42.05,-42.98,-59.22
2022-09-07,-7.14,-10.9,Technology,-22.21,-15.35,-31.24,41.58,-55.1,-12.99,-39.59,-41.35,-41.2,-58.85
2022-09-08,-7.95,-10.38,Technology,-21.49,-14.0,-28.78,43.95,-55.56,-12.86,-38.5,-40.34,-39.02,-59.19
2022-09-09,-6.39,-9.13,Technology,-19.46,-13.31,-26.71,42.47,-54.42,-11.07,-36.92,-38.47,-36.11,-56.79
2022-09-12,-3.13,-8.23,Technology,-19.17,-12.02,-27.34,43.31,-50.39,-10.4,-36.45,-36.89,-35.36,-55.83
2022-09-13,-8.54,-12.01,Technology,-24.55,-14.67,-33.55,43.28,-53.03,-15.07,-42.19,-40.88,-40.01,-61.45
2022-09-14,-7.71,-11.7,Technology,-23.95,-14.6,-33.21,42.32,-51.43,-15.0,-42.2,-39.75,-40.84,-60.31
2022-09-15,-9.37,-12.63,Technology,-35.96,-17.4,-33.85,38.74,-51.67,-17.18,-43.03,-36.89,-40.34,-60.08
2022-09-16,-10.31,-13.28,Technology,-37.82,-19.86,-33.97,42.37,-53.82,-17.38,-41.91,-38.62,-43.85,-62.56
2022-09-19,-8.18,-12.65,Technology,-38.48,-19.12,-33.76,43.55,-54.62,-17.45,-41.14,-38.02,-44.82,-61.25
2022-09-20,-6.78,-13.61,Technology,-39.47,-19.88,-35.03,40.35,-55.61,-18.13,-42.02,-39.87,-46.7,-62.94
2022-09-21,-8.62,-15.08,Technology,-40.42,-20.9,-35.68,42.29,-56.18,-19.27,-41.66,-39.33,-48.4,-63.25
2022-09-22,-9.18,-15.78,Technology,-40.27,-23.0,-39.84,39.03,-58.07,-18.61,-44.66,-41.8,-51.35,-64.86
2022-09-23,-10.51,-17.14,Technology,-40.77,-24.03,-41.13,37.39,-59.71,-19.6,-44.85,-41.57,-51.07,-64.93
2022-09-26,-10.32,-17.92,Technology,-42.28,-24.26,-42.52,35.98,-59.54,-19.75,-46.08,-40.57,-52.86,-65.59
2022-09-27,-9.74,-18.14,Technology,-42.16,-22.66,-41.78,39.9,-59.13,-20.1,-45.28,-39.79,-52.06,-65.4
2022-09-28,-10.86,-16.92,Technology,-41.38,-21.45,-40.77,43.62,-57.21,-18.57,-43.88,-37.37,-48.65,-63.7
2022-09-29,-15.15,-18.62,Technology,-42.02,-22.06,-44.36,38.58,-59.63,-19.74,-46.12,-36.28,-51.36,-66.46
2022-09-30,-17.65,-19.84,Technology,-42.64,-23.13,-45.02,39.87,-57.21,-21.25,-46.47,-35.89,-52.13,-66.36
2022-10-03,-14.79,-17.32,Technology,-39.59,-20.33,-41.62,42.93,-54.24,-18.21,-43.73,-34.15,-50.17,-62.6
2022-10-04,-12.67,-14.89,Technology,-37.61,-17.31,-40.09,48.39,-49.03,-15.55,-40.87,-32.44,-44.46,-60.09
2022-10-05,-12.49,-15.03,Technology,-37.11,-15.49,-40.05,41.21,-50.46,-15.44,-40.68,-32.75,-44.69,-60.63
2022-10-06,-13.06,-15.9,Technology,-36.9,-14.95,-40.13,39.06,-51.05,-16.23,-41.03,-32.36,-44.88,-60.59
2022-10-07,-16.17,-18.18,Technology,-38.87,-19.42,-48.17,36.82,-54.07,-20.33,-45.63,-34.86,-48.77,-63.83
2022-10-10,-15.97,-18.77,Technology,-39.49,-20.91,-48.71,38.21,-55.84,-21.96,-47.4,-35.56,-49.45,-65.03
2022-10-11,-16.82,-19.3,Technology,-39.68,-20.91,-48.87,38.46,-57.38,-23.24,-47.78,-35.71,-52.22,-65.6
2022-10-12,-17.2,-19.54,Technology,-39.4,-19.85,-48.67,34.25,-56.01,-23.13,-48.16,-35.48,-49.87,-65.96
2022-10-13,-14.46,-17.48,Technology,-37.62,-19.77,-47.73,33.92,-54.9,-20.3,-46.12,-35.4,-49.79,-66.22
2022-10-14,-17.17,-19.3,Technology,-39.03,-21.4,-50.34,30.91,-57.55,-22.19,-49.37,-39.74,-53.91,-67.9
2022-10-17,-14.8,-17.29,Technology,-37.88,-17.8,-48.58,26.09,-55.24,-19.2,-46.44,-36.5,-50.06,-65.84
2022-10-18,-14.01,-16.34,Technology,-37.99,-16.99,-48.61,29.14,-55.76,-18.88,-46.08,-34.76,-48.87,-65.31
2022-10-19,-13.94,-16.91,Technology,-36.57,-18.49,-49.22,28.03,-56.36,-19.56,-45.71,-36.74,-51.8,-67.37
2022-10-20,-14.22,-17.57,Technology,-36.04,-18.16,-48.75,26.53,-55.84,-19.67,-45.07,-35.71,-50.71,-66.25
2022-10-21,-11.93,-15.63,Technology,-35.21,-16.7,-47.82,30.44,-55.33,-17.66,-43.86,-33.72,-50.0,-67.75
2022-10-24,-10.64,-14.63,Technology,-33.17,-14.38,-47.93,32.42,-55.93,-15.93,-43.26,-33.88,-49.12,-68.3
2022-10-25,-8.93,-13.27,Technology,-31.6,-10.86,-45.49,35.09,-52.98,-14.78,-40.29,-30.78,-46.76,-67.16
2022-10-26,-10.7,-13.9,Technology,-32.29,-11.33,-47.02,39.48,-51.86,-21.29,-41.93,-31.49,-46.93,-68.47
2022-10-27,-13.39,-14.35,Technology,-32.67,-13.13,-48.02,39.25,-52.38,-22.83,-40.67,-31.25,-46.23,-69.13
2022-10-28,-6.92,-12.4,Technology,-31.21,-10.58,-45.01,40.79,-50.47,-19.76,-37.72,-30.94,-45.32,-67.64
2022-10-31,-8.34,-12.98,Technology,-32.7,-11.44,-46.73,54.12,-48.74,-21.02,-39.24,-29.74,-46.4,-67.35
2022-11-01,-9.69,-13.0,Technology,-32.4,-11.26,-45.94,55.84,-49.92,-21.81,-38.08,-30.1,-46.19,-66.32
2022-11-02,-12.93,-15.11,Technology,-35.4,-17.1,-46.82,57.36,-52.29,-24.46,-39.5,-33.45,-49.96,-68.83
2022-11-03,-16.48,-15.97,Technology,-38.49,-19.15,-45.55,65.13,-53.73,-26.38,-38.61,-34.54,-50.6,-69.13
2022-11-04,-16.77,-14.8,Technology,-38.52,-19.36,-43.76,60.96,-53.73,-24.03,-35.39,-35.71,-45.23,-70.26
2022-11-07,-16.46,-14.03,Technology,-35.74,-18.89,-43.0,54.5,-52.8,-21.91,-34.76,-42.79,-43.01,-70.78
2022-11-08,-16.12,-13.57,Technology,-35.2,-17.22,-42.32,54.51,-55.5,-21.57,-33.41,-41.28,-43.16,-71.93
2022-11-09,-18.83,-15.28,Technology,-35.87,-19.0,-45.78,58.6,-58.55,-23.03,-37.1,-43.11,-47.84,-74.47
2022-11-10,-11.79,-10.81,Technology,-29.49,-7.53,-38.25,64.75,-50.27,-16.85,-28.28,-37.85,-38.83,-67.36
2022-11-11,-10.13,-9.98,Technology,-27.19,-5.17,-34.81,57.83,-47.92,-15.47,-25.7,-31.72,-35.06,-62.06
2022-11-14,-10.96,-10.68,Technology,-27.35,-7.39,-33.79,61.2,-46.53,-17.33,-25.84,-34.19,-36.29,-61.87
2022-11-15,-9.92,-9.96,Technology,-26.19,-3.72,-31.26,66.53,-49.52,-17.18,-24.17,-32.26,-33.51,-58.04
2022-11-16,-10.66,-10.63,Technology,-27.76,-8.27,-34.53,65.6,-53.05,-17.27,-27.58,-34.51,-36.94,-61.2
2022-11-17,-9.52,-10.88,Technology,-27.88,-10.91,-33.46,71.29,-56.05,-17.28,-28.63,-38.05,-38.33,-60.6
2022-11-18,-9.18,-10.49,Technology,-29.34,-12.66,-33.75,72.73,-55.96,-17.44,-29.84,-39.9,-40.27,-59.59
2022-11-21,-11.12,-10.8,Technology,-31.29,-14.24,-34.74,71.66,-57.02,-17.16,-30.25,-41.51,-43.82,-62.56
2022-11-22,-9.83,-9.64,Technology,-29.33,-13.26,-32.25,73.84,-56.58,-16.15,-26.99,-41.27,-43.04,-61.1
2022-11-23,-9.3,-9.09,Technology,-28.31,-18.12,-31.22,75.59,-55.42,-15.29,-24.81,-40.06,-41.96,-57.85
2022-11-25,-11.07,-9.1,Technology,-28.62,-16.64,-32.34,77.47,-56.04,-15.32,-25.94,-40.78,-42.44,-58.4
2022-11-28,-13.38,-10.5,Technology,-29.73,-18.82,-34.09,71.88,-55.78,-17.26,-27.94,-41.75,-44.25,-58.61
2022-11-29,-15.2,-10.66,Technology,-30.19,-18.89,-33.91,68.62,-56.76,-17.74,-28.8,-42.4,-43.58,-58.02
2022-11-30,-11.11,-7.97,Technology,-26.4,-16.11,-30.1,77.78,-53.81,-12.73,-22.97,-39.0,-38.47,-53.98
2022-12-01,-10.69,-7.76,Technology,-25.94,-13.73,-29.52,72.6,-54.27,-12.58,-21.48,-35.22,-36.32,-51.42
2022-12-02,-10.98,-7.89,Technology,-26.47,-16.07,-31.71,72.42,-54.45,-12.47,-22.63,-36.8,-37.19,-51.08
2022-12-05,-11.66,-9.46,Technology,-27.98,-17.16,-32.9,71.44,-56.97,-14.06,-23.81,-40.52,-41.64,-54.31
2022-12-06,-13.86,-10.72,Technology,-28.59,-18.7,-35.89,63.66,-59.67,-15.77,-26.62,-42.14,-43.29,-58.69
2022-12-07,-15.03,-10.89,Technology,-29.51,-19.21,-36.0,61.47,-59.67,-16.02,-26.02,-41.49,-43.5,-59.33
2022-12-08,-14.02,-10.21,Technology,-28.29,-17.87,-35.71,59.84,-57.24,-15.0,-21.29,-41.09,-41.43,-57.52
2022-12-09,-14.31,-10.84,Technology,-28.69,-18.82,-37.38,58.43,-58.5,-15.67,-22.05,-41.17,-40.32,-59.14
2022-12-12,-12.93,-9.61,Technology,-27.14,-16.55,-35.53,57.89,-58.59,-13.28,-19.64,-39.71,-38.88,-59.32
2022-12-13,-12.35,-8.96,Technology,-26.24,-15.26,-34.65,64.17,-59.96,-11.79,-17.2,-37.99,-34.49,-59.49
2022-12-14,-13.69,-9.5,Technology,-26.77,-16.48,-37.1,66.95,-60.78,-11.69,-19.01,-39.22,-34.29,-60.8
2022-12-15,-17.68,-11.68,Technology,-29.12,-18.92,-39.26,66.33,-63.7,-14.47,-22.29,-42.0,-39.16,-64.39
2022-12-16,-18.86,-12.71,Technology,-27.06,-19.62,-40.27,62.32,-64.15,-15.94,-24.02,-42.9,-42.24,-64.98
2022-12-19,-20.13,-13.44,Technology,-29.11,-21.2,-41.0,63.89,-65.61,-17.37,-25.46,-47.4,-44.12,-66.25
2022-12-20,-20.17,-13.72,Technology,-27.13,-21.46,-40.59,63.71,-65.52,-16.92,-26.23,-47.73,-43.23,-66.48
2022-12-21,-18.29,-12.46,Technology,-26.46,-19.68,-38.2,69.09,-65.7,-16.02,-24.33,-46.17,-42.16,-65.38
2022-12-22,-20.22,-13.66,Technology,-27.48,-21.39,-41.67,64.0,-68.65,-18.14,-29.64,-47.65,-43.98,-66.86
2022-12-23,-20.44,-13.19,Technology,-27.08,-21.36,-41.07,63.87,-69.29,-17.96,-30.24,-47.9,-43.71,-66.59
2022-12-27,-21.53,-13.52,Technology,-27.78,-22.13,-42.2,57.44,-71.13,-18.56,-35.2,-50.28,-44.65,-67.98
2022-12-28,-23.91,-14.56,Technology,-29.2,-23.95,-42.84,53.46,-70.95,-19.38,-35.58,-49.71,-45.37,-67.92
2022-12-29,-21.78,-13.08,Technology,-27.26,-21.38,-40.8,56.03,-67.08,-17.18,-33.0,-46.99,-41.85,-65.58
2022-12-30,-21.59,-13.31,Technology,-27.48,-21.89,-40.84,57.02,-67.91,-17.59,-32.95,-46.83,-41.92,-65.45
2023-01-03,-23.92,-13.32,Technology,-26.76,-22.08,-40.56,52.0,-66.24,-17.26,-33.51,-45.98,-39.34,-65.87
2023-01-04,-23.16,-12.72,Technology,-25.82,-20.93,-39.98,52.84,-64.84,-20.79,-31.54,-44.41,-37.82,-64.16
2023-01-05,-23.96,-13.65,Technology,-28.59,-23.36,-42.11,51.49,-64.55,-23.11,-33.76,-46.58,-39.29,-66.95
2023-01-06,-21.18,-11.74,Technology,-27.67,-21.23,-40.61,63.14,-63.3,-22.21,-31.02,-45.91,-35.3,-65.49
2023-01-09,-20.86,-11.8,Technology,-25.69,-19.03,-37.57,65.59,-62.91,-21.47,-27.46,-45.07,-35.24,-62.99
2023-01-10,-20.51,-11.18,Technology,-26.39,-18.63,-36.82,77.85,-62.91,-20.88,-26.16,-43.38,-34.33,-60.59
2023-01-11,-18.84,-10.08,Technology,-25.49,-15.93,-35.89,79.3,-62.42,-18.52,-25.73,-41.02,-32.8,-58.8
2023-01-12,-18.89,-9.75,Technology,-25.15,-15.92,-34.28,85.98,-60.58,-17.59,-23.37,-40.77,-32.68,-60.31
2023-01-13,-18.07,-9.41,Technology,-25.18,-15.66,-34.09,87.36,-57.08,-17.35,-21.57,-41.19,-32.82,-60.04
2023-01-17,-17.36,-9.54,Technology,-25.18,-15.61,-33.55,84.68,-57.66,-16.97,-17.85,-40.26,-29.6,-59.02
2023-01-18,-17.8,-10.98,Technology,-25.84,-16.72,-34.53,84.65,-59.12,-18.51,-19.35,-41.69,-32.39,-61.17
2023-01-19,-17.76,-11.6,Technology,-25.58,-17.54,-37.14,71.64,-60.87,-19.83,-22.19,-43.13,-33.48,-63.41
2023-01-20,-16.19,-10.01,Technology,-22.61,-13.45,-34.95,74.6,-57.76,-17.01,-17.21,-40.68,-28.61,-60.37
2023-01-23,-14.23,-8.94,Technology,-20.77,-11.2,-28.98,83.24,-56.21,-16.21,-10.94,-37.65,-23.47,-55.54
2023-01-24,-13.37,-9.04,Technology,-21.56,-13.23,-30.67,79.08,-56.79,-16.39,-10.61,-40.68,-24.28,-55.77
2023-01-25,-13.78,-9.01,Technology,-22.23,-14.86,-30.48,76.23,-56.21,-16.88,-10.34,-39.0,-24.3,-56.06
2023-01-26,-12.51,-8.06,Technology,-20.59,-12.38,-30.25,82.55,-55.82,-14.36,-8.12,-38.83,-23.91,-56.76
2023-01-27,-11.32,-7.8,Technology,-19.55,-11.38,-30.02,86.01,-56.31,-14.31,-5.5,-36.21,-21.44,-54.09
2023-01-30,-13.09,-8.93,Technology,-21.11,-12.11,-32.75,78.45,-56.6,-16.16,-11.08,-37.73,-25.22,-57.7
2023-01-31,-12.31,-7.66,Technology,-19.63,-9.6,-30.26,85.0,-56.79,-14.43,-9.34,-34.27,-23.69,-55.06
2023-02-01,-11.36,-6.52,Technology,-16.34,-6.52,-20.99,85.47,-52.46,-12.46,-2.76,-30.02,-21.46,-52.55
2023-02-02,-8.17,-5.25,Technology,-14.61,-4.07,-17.67,74.68,-45.52,-8.51,0.71,-23.5,-17.96,-47.82
2023-02-03,-5.99,-6.21,Technology,-17.3,-5.92,-19.68,74.23,-45.43,-10.59,-2.05,-28.29,-20.83,-51.49
2023-02-06,-7.63,-6.73,Technology,-18.16,-8.08,-21.86,73.56,-46.28,-11.12,-2.1,-29.12,-22.5,-52.07
2023-02-07,-6.14,-5.74,Technology,-16.6,-6.21,-20.12,72.0,-48.44,-8.0,2.93,-28.97,-22.04,-52.34
2023-02-08,-7.53,-6.59,Technology,-17.59,-7.03,-21.07,71.69,-48.6,-8.24,3.08,-29.76,-23.56,-52.83
2023-02-09,-8.07,-7.25,Technology,-18.05,-5.86,-22.22,70.08,-52.25,-9.14,3.69,-31.69,-27.22,-48.25
2023-02-10,-8.0,-7.06,Technology,-18.93,-6.51,-23.57,69.52,-51.26,-9.29,-1.28,-34.84,-27.92,-53.59
2023-02-13,-6.55,-6.18,Technology,-18.2,-6.09,-22.29,73.35,-50.59,-6.91,1.15,-34.12,-26.75,-51.4
2023-02-14,-6.86,-6.21,Technology,-17.62,-4.75,-20.2,71.11,-49.67,-6.68,5.81,-21.4,-25.07,-48.51
2023-02-15,-5.83,-5.96,Technology,-18.01,-4.33,-20.77,78.5,-43.6,-7.45,5.0,-14.37,-21.78,-44.74
2023-02-16,-6.62,-6.98,Technology,-20.16,-6.71,-24.54,71.08,-47.01,-9.39,1.99,-17.53,-25.21,-47.23
2023-02-17,-7.17,-7.17,Technology,-21.82,-7.43,-25.71,70.34,-50.69,-10.5,-0.43,-21.56,-28.27,-48.57
2023-02-21,-9.14,-8.6,Technology,-23.85,-8.9,-26.98,67.02,-52.89,-11.95,-3.32,-27.33,-30.87,-52.66
2023-02-22,-8.93,-8.69,Technology,-23.44,-8.52,-27.1,69.66,-51.79,-12.27,-2.93,-28.19,-30.03,-50.9
2023-02-23,-8.69,-8.34,Technology,-23.78,-7.03,-24.78,71.65,-51.6,-11.39,8.54,-29.7,-29.01,-58.61
2023-02-24,-9.99,-9.1,Technology,-29.07,-16.55,-26.01,68.2,-53.54,-12.89,7.05,-30.33,-26.29,-61.45
2023-02-27,-9.41,-8.85,Technology,-28.71,-15.17,-25.51,72.19,-52.98,-12.63,7.9,-30.8,-28.17,-61.41
2023-02-28,-9.68,-9.16,Technology,-28.37,-14.41,-25.67,75.29,-51.92,-12.86,6.69,-32.37,-26.74,-60.38
2023-03-01,-10.59,-9.24,Technology,-27.86,-14.95,-25.33,100.13,-51.9,-13.52,4.38,-32.86,-26.23,-59.96
2023-03-02,-10.27,-8.66,Technology,-25.79,-13.18,-23.56,102.67,-50.58,-12.06,6.95,-30.6,-24.99,-60.32
2023-03-03,-7.53,-7.41,Technology,-23.65,-10.83,-22.68,114.55,-48.02,-10.8,9.35,-27.7,-22.49,-58.5
2023-03-06,-6.04,-7.32,Technology,-23.04,-10.51,-22.97,116.74,-48.97,-10.33,7.95,-28.1,-22.55,-59.28
2023-03-07,-7.31,-8.65,Technology,-23.51,-11.65,-22.13,118.73,-48.87,-11.21,6.78,-28.1,-25.1,-60.47
2023-03-08,-6.59,-8.52,Technology,-23.29,-12.04,-19.25,118.77,-47.68,-11.36,10.69,-29.36,-25.18,-60.26
2023-03-09,-7.89,-10.08,Technology,-24.88,-13.65,-20.44,115.68,-49.96,-11.8,7.43,-33.04,-28.99,-62.36
2023-03-10,-9.09,-11.27,Technology,-26.8,-16.24,-21.64,112.16,-52.63,-13.02,5.37,-35.89,-31.54,-63.16
2023-03-13,-7.96,-11.41,Technology,-27.87,-14.69,-22.22,108.0,-51.15,-11.28,5.37,-31.53,-32.97,-62.38
2023-03-14,-6.71,-10.0,Technology,-25.92,-14.13,-17.24,111.78,-50.34,-8.97,10.29,-31.36,-29.04,-62.93
2023-03-15,-6.47,-10.53,Technology,-25.86,-15.56,-15.2,107.63,-50.54,-7.41,11.03,-31.28,-28.63,-61.74
2023-03-16,-4.79,-9.06,Technology,-21.62,-13.57,-8.86,111.04,-50.24,-3.79,16.91,-30.59,-27.67,-61.22
2023-03-17,-5.29,-10.02,Technology,-20.58,-14.18,-7.73,103.96,-50.95,-2.7,17.73,-31.45,-28.72,-61.78
2023-03-20,-3.87,-9.23,Technology,-19.56,-13.64,-8.67,109.12,-52.16,-5.12,18.52,-29.74,-28.23,-61.88
2023-03-21,-2.75,-8.08,Technology,-17.09,-10.81,-9.5,113.08,-49.5,-4.59,19.87,-26.55,-25.42,-59.8
2023-03-22,-3.62,-9.56,Technology,-19.82,-14.49,-7.95,109.41,-51.75,-5.1,21.09,-28.62,-29.98,-61.72
2023-03-23,-2.96,-9.35,Technology,-18.22,-13.33,-5.4,113.9,-49.8,-3.27,24.36,-27.59,-40.21,-60.64
2023-03-24,-2.17,-9.13,Technology,-16.92,-13.72,-7.6,114.68,-49.39,-2.27,22.5,-28.71,-41.35,-61.24
2023-03-27,-3.35,-8.98,Technology,-17.32,-14.34,-8.86,113.85,-46.93,-3.7,21.37,-30.09,-37.81,-62.11
2023-03-28,-3.73,-9.14,Technology,-17.26,-14.97,-10.5,113.73,-51.26,-4.1,20.9,-30.43,-38.43,-62.55
2023-03-29,-1.84,-7.87,Technology,-16.01,-14.17,-9.27,118.76,-46.83,-2.28,23.13,-28.53,-35.82,-60.55
2023-03-30,-0.88,-7.33,Technology,-15.41,-13.13,-7.84,116.85,-47.34,-1.06,24.67,-29.13,-33.91,-60.41
2023-03-31,0.65,-6.05,Technology,-14.65,-10.36,-7.74,120.78,-36.31,0.41,26.2,-26.54,-33.76,-56.25
2023-04-03,1.39,-5.56,Technology,-15.46,-10.37,-8.71,109.86,-35.52,0.04,26.34,-26.55,-33.79,-55.38
2023-04-04,1.07,-6.08,Technology,-14.37,-12.17,-9.22,109.52,-25.88,0.02,24.21,-26.81,-32.82,-55.04
2023-04-05,-0.06,-6.3,Technology,-15.04,-14.61,-11.69,103.23,-30.18,-0.94,21.84,-30.0,-33.95,-57.73
2023-04-06,0.48,-5.95,Technology,-15.35,-14.7,-11.76,106.02,-28.61,1.53,22.49,-29.05,-33.53,-56.78
2023-04-10,-1.09,-5.85,Technology,-16.29,-14.36,-9.51,113.27,-28.19,0.78,24.74,-26.47,-35.19,-57.4
2023-04-11,-1.83,-5.84,Technology,-17.42,-14.51,-10.74,111.3,-28.92,-1.48,23.21,-24.56,-35.13,-57.23
2023-04-12,-2.26,-6.21,Technology,-17.69,-16.48,-12.17,109.2,-30.91,-1.25,20.71,-26.99,-38.67,-59.81
2023-04-13,1.03,-5.01,Technology,-15.73,-15.14,-12.38,112.51,-28.5,0.93,20.59,-24.82,-36.92,-59.05
2023-04-14,0.82,-5.2,Technology,-15.61,-15.84,-12.66,109.7,-29.65,-0.34,21.69,-22.82,-37.42,-59.09
2023-04-17,0.83,-4.88,Technology,-15.93,-14.81,-14.25,120.01,-31.33,0.57,22.59,-22.91,-37.28,-58.33
2023-04-18,1.59,-4.82,Technology,-16.01,-14.65,-14.33,120.6,-32.67,0.45,25.34,-23.52,-37.56,-59.13
2023-04-19,2.29,-4.83,Technology,-15.45,-15.03,-14.19,119.33,-33.74,0.47,26.43,-25.61,-38.56,-58.98
2023-04-20,1.69,-5.36,Technology,-15.41,-15.86,-14.04,116.71,-35.34,-0.22,23.01,-28.57,-39.05,-60.15
2023-04-21,0.71,-5.3,Technology,-15.98,-16.09,-15.55,118.05,-34.0,-0.32,23.08,-28.31,-37.97,-60.18
2023-04-24,0.9,-5.18,Technology,-16.05,-15.34,-16.32,111.17,-37.66,-1.49,22.76,-29.01,-36.98,-60.61
2023-04-25,-0.05,-6.43,Technology,-17.75,-17.75,-19.81,111.8,-40.89,-3.52,19.29,-32.16,-40.38,-62.49
2023-04-26,-0.05,-6.78,Technology,-19.18,-17.89,-17.83,100.87,-41.97,2.85,22.39,-32.16,-40.79,-63.48
2023-04-27,2.76,-5.24,Technology,-17.35,-17.8,-16.44,102.18,-40.5,5.87,23.55,-31.46,-40.78,-62.22
2023-04-28,3.53,-4.56,Technology,-16.0,-15.79,-14.65,84.07,-40.89,6.65,25.82,-32.07,-40.58,-62.5
2023-05-01,3.4,-4.51,Technology,-16.4,-14.75,-14.05,80.6,-40.21,5.98,30.19,-31.13,-40.26,-61.4
2023-05-02,2.77,-5.49,Technology,-17.59,-16.47,-13.84,76.22,-42.05,5.93,27.14,-32.78,-42.64,-63.48
2023-05-03,2.11,-6.08,Technology,-22.67,-15.93,-21.57,74.18,-41.03,5.59,25.35,-33.05,-41.13,-63.92
2023-05-04,1.12,-6.71,Technology,-24.72,-16.21,-16.92,71.49,-39.39,5.93,24.3,-34.61,-40.06,-64.16
2023-05-05,5.79,-5.15,Technology,-21.99,-15.4,-13.91,78.39,-36.01,7.65,29.19,-34.35,-41.2,-61.87
2023-05-08,5.75,-5.11,Technology,-22.93,-16.65,-9.06,77.27,-33.45,6.99,31.25,-31.48,-41.64,-59.24
2023-05-09,4.7,-5.5,Technology,-23.24,-16.34,-9.04,77.8,-31.03,6.44,28.68,-15.59,-41.13,-59.34
2023-05-10,5.78,-5.1,Technology,-22.94,-14.8,-7.19,80.51,-25.03,8.23,30.07,-12.17,-42.88,-58.69
2023-05-11,5.9,-5.23,Technology,-23.48,-16.18,-7.12,82.94,-24.3,7.49,28.71,-12.7,-43.1,-53.43
2023-05-12,5.19,-5.35,Technology,-24.82,-15.6,-8.85,130.97,-31.35,7.1,27.65,-16.03,-44.81,-57.4
2023-05-15,4.88,-5.04,Technology,-22.58,-14.55,-6.84,120.96,-20.93,7.27,30.37,-15.86,-43.53,-56.91
2023-05-16,4.88,-5.65,Technology,-22.7,-16.13,-2.94,112.24,-13.93,7.92,31.53,-16.3,-44.84,-59.54
2023-05-17,5.26,-4.56,Technology,-20.17,-13.88,-0.78,109.22,-3.48,8.58,35.84,-9.41,-42.65,-56.79
2023-05-18,6.69,-3.65,Technology,-19.33,-11.14,3.21,105.76,-2.08,9.88,42.54,3.76,-40.92,-56.55
2023-05-19,6.76,-3.8,Technology,-16.95,-12.84,1.2,103.03,-4.34,9.83,40.69,3.5,-41.77,-58.19
2023-05-22,6.18,-3.74,Technology,-16.77,-11.72,3.28,101.2,16.99,10.65,40.3,4.65,-39.83,-56.68
2023-05-23,4.58,-4.8,Technology,-17.13,-14.67,3.39,100.41,16.67,8.78,38.11,11.72,-38.9,-59.32
2023-05-24,4.75,-5.51,Technology,-18.16,-14.62,3.54,98.09,10.31,8.33,37.44,8.09,-38.6,-59.28
2023-05-25,5.44,-4.7,Technology,-12.37,-14.27,15.07,100.46,0.72,12.15,70.79,13.48,-41.14,-61.1
2023-05-26,6.92,-3.48,Technology,-7.24,-13.7,21.44,101.28,7.73,14.36,75.12,20.64,-41.43,-60.27
2023-05-30,8.05,-3.45,Technology,-6.84,-15.36,19.76,101.91,18.39,13.83,80.34,30.01,-41.59,-58.74
2023-05-31,8.02,-3.96,Technology,-6.71,-13.48,13.02,102.47,16.24,12.93,70.13,30.01,-40.06,-57.31
2023-06-01,9.54,-2.99,Technology,-4.64,-11.56,13.93,105.95,15.16,13.96,77.17,27.91,-38.15,-55.55
2023-06-02,10.06,-1.6,Technology,-2.52,-11.16,12.4,104.0,-0.95,14.75,75.2,27.74,-36.22,-54.29
2023-06-05,9.23,-1.79,Technology,-3.0,-9.36,12.45,100.99,5.71,14.85,74.5,34.07,-36.14,-46.55
2023-06-06,9.01,-1.59,Technology,-3.29,-9.54,17.24,94.25,5.39,14.41,72.2,36.01,-33.7,-47.25
2023-06-07,8.17,-1.91,Technology,-6.5,-12.5,12.38,89.28,1.52,12.4,66.95,29.23,-33.44,-48.89
2023-06-08,9.83,-1.33,Technology,-1.93,-12.93,14.82,89.84,14.41,12.77,71.56,33.63,-34.59,-46.61
2023-06-09,10.07,-1.17,Technology,1.37,-12.4,17.76,89.51,13.33,13.07,72.72,32.14,-34.74,-46.58
2023-06-12,11.78,-0.27,Technology,5.93,-9.5,21.0,93.68,13.23,14.06,75.89,37.68,-35.48,-47.03
2023-06-13,11.49,0.38,Technology,6.89,-7.26,17.06,93.43,14.19,14.64,81.71,40.3,-34.16,-43.24
2023-06-14,11.87,0.45,Technology,7.01,-7.14,19.43,90.52,6.78,15.37,89.19,39.62,-35.99,-39.63
2023-06-15,13.12,1.72,Technology,9.52,-3.74,16.82,90.38,6.78,17.95,87.88,44.78,-33.49,-38.71
2023-06-16,12.46,1.35,Technology,10.47,-7.17,13.3,86.55,4.2,16.57,88.03,42.54,-33.17,-37.4
2023-06-20,12.51,0.89,Technology,8.41,-7.82,12.32,83.71,0.02,15.54,92.25,38.73,-32.88,-41.14
2023-06-21,11.88,0.35,Technology,6.56,-9.55,6.55,82.22,-0.95,14.47,89.37,30.13,-34.22,-43.56
2023-06-22,13.72,0.71,Technology,6.58,-10.1,5.36,84.67,1.3,15.94,89.29,25.72,-35.57,-44.31
2023-06-23,13.52,-0.04,Technology,8.16,-12.13,4.78,82.16,0.66,14.82,86.2,25.57,-36.82,-44.86
2023-06-26,12.67,-0.45,Technology,7.01,-12.66,2.66,76.29,10.97,13.28,80.24,24.89,-37.93,-45.95
2023-06-27,14.36,0.64,Technology,8.83,-10.04,5.26,80.4,16.13,15.01,85.35,30.4,-35.75,-37.65
2023-06-28,15.08,0.69,Technology,7.55,-10.28,5.06,81.86,43.4,15.39,82.23,35.9,-34.91,-35.1
2023-06-29,15.28,0.68,Technology,7.8,-10.33,6.02,81.66,45.34,15.15,81.02,35.25,-35.29,-35.74
2023-06-30,17.93,1.85,Technology,8.78,-11.01,8.42,87.63,45.34,16.75,87.1,36.31,-33.11,-36.13
2023-07-03,16.67,2.0,Technology,7.91,-11.17,9.94,87.1,44.1,15.68,85.77,37.1,-32.79,-35.33
2023-07-05,15.99,1.78,Technology,8.26,-11.1,8.23,82.8,50.71,15.73,85.42,38.62,-30.03,-38.08
2023-07-06,16.28,0.97,Technology,7.23,-12.3,7.8,79.11,41.86,16.71,84.65,33.81,-34.38,-39.59
2023-07-07,15.61,0.74,Technology,7.92,-12.08,7.51,84.92,41.75,15.44,86.09,35.58,-31.73,-39.72
2023-07-10,14.37,1.01,Technology,9.84,-9.61,7.89,86.55,49.75,13.76,84.93,43.69,-29.94,-40.45
2023-07-11,14.05,1.65,Technology,11.26,-7.58,5.79,85.38,47.94,13.97,85.83,45.33,-27.9,-34.75
2023-07-12,15.07,2.44,Technology,11.7,-6.17,8.82,90.57,57.12,15.51,91.8,46.19,-27.78,-34.94
2023-07-13,15.53,3.26,Technology,13.38,-5.62,10.06,92.5,54.34,17.28,100.08,47.48,-22.77,-30.3
2023-07-14,15.62,3.18,Technology,12.96,-6.68,10.08,87.01,44.63,18.12,98.05,44.55,-23.52,-33.99
2023-07-17,17.6,3.53,Technology,14.18,-6.85,12.29,101.98,59.04,18.28,102.01,53.18,-20.91,-31.42
2023-07-18,17.44,4.31,Technology,16.15,-5.34,11.93,96.97,67.68,22.86,106.13,59.1,-19.93,-29.86
2023-07-19,18.26,4.53,Technology,15.17,-4.55,10.52,94.06,65.65,21.39,104.47,58.84,-20.77,-27.84
2023-07-20,17.08,3.86,Technology,13.19,-8.04,4.73,93.98,59.25,18.66,98.26,50.82,-22.81,-33.85
2023-07-21,16.37,3.87,Technology,13.83,-8.5,5.39,93.41,53.92,17.63,93.42,44.72,-22.86,-33.77
2023-07-24,16.85,4.3,Technology,14.54,-8.23,5.07,93.16,53.6,18.07,94.63,43.76,-21.83,-35.16
2023-07-25,17.3,4.56,Technology,14.79,-8.13,7.32,95.45,62.45,20.04,99.09,45.78,-22.06,-35.68
2023-07-26,17.75,4.58,Technology,12.91,-7.28,4.58,92.92,72.8,15.61,98.14,44.73,-21.6,-35.49
2023-07-27,17.09,3.99,Technology,12.81,-8.69,5.53,94.27,65.76,13.24,100.01,42.28,-23.01,-35.67
2023-07-28,18.43,4.84,Technology,15.41,-8.55,7.28,103.62,91.37,15.81,103.56,56.82,-20.78,-32.44
2023-07-31,18.75,5.01,Technology,18.44,-7.6,8.64,102.65,105.46,14.99,103.47,74.6,-18.92,-31.77
2023-08-01,17.95,4.66,Technology,18.62,-7.26,11.43,96.77,109.73,14.83,100.48,74.39,-20.16,-31.92
2023-08-02,16.43,3.53,Technology,15.06,-9.65,3.79,89.95,93.73,11.9,91.13,65.64,-24.05,-37.51
2023-08-03,15.72,3.31,Technology,13.82,-11.41,7.31,91.54,93.31,11.62,92.15,63.41,-24.91,-37.99
2023-08-04,11.11,2.92,Technology,14.41,-11.85,9.78,90.04,83.9,11.99,92.84,59.03,-34.05,-39.38
2023-08-07,9.53,3.63,Technology,14.95,-10.95,10.7,91.03,64.97,12.76,95.92,57.23,-33.61,-39.69
2023-08-08,9.94,3.32,Technology,13.54,-11.1,8.18,91.37,62.99,11.74,93.51,51.04,-34.82,-40.88
2023-08-09,9.25,2.85,Technology,12.49,-10.61,6.23,96.54,56.35,10.78,86.76,39.37,-34.57,-42.36
2023-08-10,9.15,2.89,Technology,12.8,-9.54,6.06,97.51,53.98,10.96,86.23,40.42,-34.92,-42.89
2023-08-11,9.07,2.83,Technology,11.66,-9.58,4.19,97.41,66.0,10.47,81.33,40.42,-36.17,-43.4
2023-08-14,9.79,3.23,Technology,13.8,-8.44,7.3,101.93,59.43,11.24,90.6,42.44,-36.48,-43.5
2023-08-15,8.96,2.44,Technology,13.27,-9.02,6.88,94.41,64.42,10.73,91.16,40.28,-37.76,-44.78
2023-08-16,8.6,1.94,Technology,12.65,-10.76,4.16,89.26,50.71,10.39,89.8,40.77,-38.38,-45.44
2023-08-17,7.54,1.39,Technology,12.23,-12.23,2.36,83.77,45.72,9.57,89.38,32.77,-39.37,-46.34
2023-08-18,7.74,1.45,Technology,11.71,-11.94,3.02,82.78,48.73,9.48,89.25,34.31,-38.81,-45.74
2023-08-21,8.3,1.9,Technology,13.53,-11.25,4.84,82.65,56.06,10.74,100.17,34.92,-38.33,-45.63
2023-08-22,8.87,1.71,Technology,13.39,-11.66,3.18,79.2,59.68,10.87,96.44,35.98,-39.39,-46.12
2023-08-23,10.46,2.43,Technology,15.01,-10.56,5.62,81.9,68.23,11.9,100.6,39.88,-38.57,-45.51
2023-08-24,8.52,1.53,Technology,12.38,-9.33,0.68,77.82,57.51,10.3,100.73,32.7,-39.7,-46.33
2023-08-25,9.43,1.97,Technology,14.19,-7.2,0.97,79.83,57.87,10.99,97.44,35.11,-39.54,-45.41
2023-08-28,10.08,2.41,Technology,14.89,-6.85,1.21,79.37,62.22,11.15,99.79,35.79,-39.53,-45.45
2023-08-29,11.68,3.38,Technology,16.41,-6.19,3.37,82.63,70.98,12.23,105.34,40.49,-38.17,-43.06
2023-08-30,13.12,3.66,Technology,17.09,-5.58,3.81,84.88,75.39,12.31,106.71,46.24,-38.2,-42.53
2023-08-31,13.21,3.58,Technology,19.08,-5.47,3.24,87.68,75.89,12.08,106.97,37.89,-38.25,-42.95
2023-09-01,13.58,3.65,Technology,19.24,-5.9,5.57,84.15,76.64,12.04,102.51,38.36,-37.14,-42.09
2023-09-05,13.68,3.35,Technology,19.47,-6.06,6.42,84.22,86.83,13.14,102.62,38.55,-36.74,-40.56
2023-09-06,10.29,2.76,Technology,19.06,-5.09,5.22,80.61,92.84,12.95,97.44,39.23,-37.71,-39.65
2023-09-07,7.35,2.49,Technology,18.8,-5.55,2.85,79.17,72.26,12.03,94.29,38.48,-39.29,-41.45
2023-09-08,7.71,2.62,Technology,18.79,-6.29,2.39,81.74,90.48,13.44,91.6,37.78,-42.34,-41.94
2023-09-11,8.39,3.26,Technology,19.58,-6.47,1.68,78.1,93.82,14.63,90.02,43.54,-41.46,-41.43
2023-09-12,6.59,2.72,Technology,15.11,-9.36,1.67,79.62,90.18,12.59,88.75,41.75,-41.04,-40.0
2023-09-13,5.36,2.84,Technology,17.39,-9.17,3.93,69.5,84.07,14.01,91.28,41.84,-41.23,-43.24
2023-09-14,6.26,3.7,Technology,17.11,-7.33,2.92,75.8,77.58,14.88,91.68,43.89,-41.55,-44.91
2023-09-15,5.83,2.45,Technology,12.44,-8.71,-1.92,72.94,68.22,12.08,84.77,39.44,-42.63,-44.0
2023-09-18,7.57,2.56,Technology,13.15,-8.64,-1.1,66.82,59.16,11.69,85.04,40.6,-44.3,-48.32
2023-09-19,8.22,2.36,Technology,15.06,-9.26,-1.82,68.23,55.42,11.55,83.18,37.81,-45.86,-47.54
2023-09-20,6.09,1.42,Technology,13.84,-11.08,-3.03,68.29,45.77,8.93,77.85,34.12,-48.24,-48.52
2023-09-21,5.16,-0.2,Technology,9.34,-12.62,-7.05,65.35,33.26,8.51,72.77,27.46,-50.33,-50.94
2023-09-22,5.67,-0.44,Technology,9.14,-12.63,-6.97,61.64,30.8,7.67,75.24,28.63,-51.31,-51.12
2023-09-25,6.44,-0.03,Technology,8.87,-11.94,-5.85,63.49,32.08,7.85,77.78,29.44,-50.36,-51.5
2023-09-26,3.98,-1.48,Technology,7.76,-13.64,-7.2,60.59,29.03,6.03,76.48,27.08,-51.2,-52.9
2023-09-27,3.06,-1.46,Technology,6.99,-13.38,-5.19,57.85,40.25,6.25,78.81,35.14,-51.93,-52.73
2023-09-28,3.22,-1.26,Technology,7.43,-11.0,-0.7,60.69,51.58,6.54,81.41,43.47,-51.7,-52.5
2023-09-29,3.53,-1.49,Technology,8.51,-11.42,-0.64,60.78,46.56,7.25,83.13,45.55,-51.8,-51.46
2023-10-02,4.95,-1.47,Technology,10.64,-10.34,-0.21,54.54,44.99,9.1,86.8,43.61,-51.93,-51.75
2023-10-03,4.15,-2.77,Technology,7.73,-12.74,-3.24,49.58,36.33,6.31,81.56,34.83,-53.33,-53.63
2023-10-04,4.9,-2.07,Technology,10.08,-11.15,0.56,50.13,44.6,8.16,83.73,42.26,-53.33,-53.44
2023-10-05,5.64,-2.15,Technology,9.67,-12.45,-0.55,43.82,43.82,8.29,86.41,42.98,-52.53,-54.52
2023-10-06,7.17,-1.01,Technology,11.79,-9.9,3.57,46.95,49.65,10.92,90.85,50.15,-51.24,-52.35
2023-10-09,8.07,-0.36,Technology,12.33,-9.68,3.31,42.31,43.33,11.77,88.83,59.1,-51.37,-53.04
2023-10-10,7.71,0.14,Technology,13.05,-8.87,5.26,49.92,56.6,11.29,91.01,60.81,-48.85,-52.54
2023-10-11,8.55,0.56,Technology,16.64,-8.56,4.59,49.86,53.58,12.64,95.19,61.89,-48.1,-52.15
2023-10-12,9.09,-0.03,Technology,18.68,-8.74,5.05,47.79,48.89,12.21,95.77,62.07,-49.46,-54.06
2023-10-13,7.98,-0.55,Technology,16.4,-10.14,1.52,46.35,39.92,11.07,89.61,56.86,-51.96,-55.65
2023-10-16,7.91,0.47,Technology,16.82,-9.16,2.83,49.65,41.09,12.71,92.24,56.86,-50.22,-55.1
2023-10-17,6.96,0.48,Technology,18.77,-8.22,1.56,56.31,40.8,12.52,83.27,61.18,-48.96,-54.18
2023-10-18,6.18,-0.85,Technology,18.31,-10.07,-1.29,51.46,34.05,11.86,76.02,55.41,-50.41,-56.48
2023-10-19,5.95,-1.68,Technology,17.86,-11.59,-1.07,50.32,31.9,12.27,75.63,54.15,-50.87,-56.5
2023-10-20,4.41,-2.89,Technology,14.77,-13.03,-1.63,49.14,23.3,10.71,72.66,45.59,-51.08,-57.0
2023-10-23,4.48,-3.06,Technology,14.66,-14.29,-3.36,49.68,23.79,11.6,79.26,46.4,-51.16,-58.27
2023-10-24,4.74,-2.34,Technology,14.48,-12.03,-1.76,54.2,7.84,12.0,82.13,50.37,-49.56,-56.56
2023-10-25,3.34,-3.7,Technology,10.63,-14.08,-7.15,49.72,1.88,15.4,74.28,40.9,-53.57,-59.33
2023-10-26,0.82,-4.87,Technology,9.19,-15.82,-9.45,49.51,-2.82,11.12,68.23,38.19,-53.62,-59.0
2023-10-27,1.61,-5.28,Technology,7.9,-16.23,-6.8,41.74,-0.67,11.76,68.96,36.2,-55.45,-59.57
2023-10-30,2.85,-4.16,Technology,11.84,-15.11,-7.04,34.89,-6.93,14.27,71.71,32.77,-56.34,-60.29
2023-10-31,3.14,-3.59,Technology,12.91,-15.18,-4.8,40.94,-5.56,14.54,70.12,33.77,-55.2,-59.83
2023-11-01,4.96,-2.49,Technology,15.22,-14.35,4.31,40.54,0.12,16.88,75.11,34.19,-53.38,-59.15
2023-11-02,7.08,-0.7,Technology,18.14,-14.22,4.11,45.14,8.95,17.62,79.94,61.21,-50.1,-57.65
2023-11-03,6.54,0.19,Technology,19.15,-12.24,8.29,49.34,13.18,19.09,86.07,69.36,-44.99,-55.19
2023-11-06,8.06,0.38,Technology,19.52,-13.07,7.81,44.54,9.62,20.31,89.12,66.26,-44.08,-58.02
2023-11-07,9.6,0.65,Technology,23.57,-11.67,9.43,41.96,12.14,21.64,89.96,68.59,-42.39,-56.45
2023-11-08,10.23,0.73,Technology,23.6,-10.99,9.57,35.63,11.56,22.52,92.5,65.81,-41.04,-57.63
2023-11-09,9.95,-0.01,Technology,22.04,-11.94,9.47,30.46,9.82,21.69,94.05,63.84,-42.39,-58.93
2023-11-10,12.32,1.52,Technology,26.04,-9.45,14.33,31.82,4.3,24.66,99.74,76.39,-41.89,-56.12
2023-11-13,11.37,1.42,Technology,24.63,-9.65,12.62,31.74,12.92,23.67,100.91,76.75,-41.31,-54.29
2023-11-14,12.95,3.34,Technology,27.53,-6.57,15.57,46.69,24.01,24.87,105.18,78.81,-37.88,-52.66
2023-11-15,13.29,3.57,Technology,25.66,-7.1,13.77,49.89,26.93,24.67,102.02,78.9,-36.54,-51.04
2023-11-16,14.31,3.71,Technology,27.06,-7.56,15.53,51.94,19.24,26.83,104.46,77.29,-36.56,-53.11
2023-11-17,14.29,3.86,Technology,27.19,-6.58,16.28,52.43,24.11,24.73,103.71,83.74,-34.43,-52.62
2023-11-20,15.35,4.63,Technology,29.27,-5.57,17.15,56.61,25.57,27.26,108.28,91.37,-33.22,-52.24
2023-11-21,14.86,4.36,Technology,28.92,-6.44,14.88,55.93,20.11,26.24,106.37,77.56,-33.89,-53.88
2023-11-22,15.26,4.81,Technology,30.73,-12.85,18.1,57.03,21.38,27.35,101.3,76.57,-33.5,-53.61
2023-11-24,14.46,4.87,Technology,30.67,-12.52,17.9,51.8,20.79,27.25,97.42,72.18,-32.8,-53.19
2023-11-27,14.35,4.69,Technology,30.64,-13.02,18.23,52.06,18.26,27.53,99.35,71.1,-32.06,-54.35
2023-11-28,14.67,4.79,Technology,31.48,-10.84,17.62,52.42,19.33,28.48,97.61,76.75,-28.65,-52.35
2023-11-29,14.14,4.72,Technology,30.25,-8.07,19.38,52.83,21.97,27.58,98.92,77.92,-28.21,-50.75
2023-11-30,14.44,5.12,Technology,28.92,-6.12,16.8,55.13,19.53,27.6,93.27,79.8,-28.55,-52.12
2023-12-01,14.81,5.62,Technology,28.68,-3.28,16.71,56.52,32.38,26.08,91.52,80.26,-26.25,-46.38
2023-12-04,13.91,5.11,Technology,27.07,-4.8,14.05,55.8,33.82,24.85,86.44,63.8,-26.29,-46.21
2023-12-05,15.8,5.08,Technology,26.59,-5.16,13.87,51.78,26.58,25.8,90.74,62.92,-26.4,-48.42
2023-12-06,15.28,4.72,Technology,25.24,-5.54,12.38,42.0,26.2,24.75,86.41,52.56,-23.43,-48.03
2023-12-07,16.21,5.4,Technology,27.94,-3.72,23.38,40.92,28.42,25.36,90.86,53.36,-22.99,-47.38
2023-12-08,16.89,5.77,Technology,28.2,-3.65,23.9,42.08,33.14,26.29,94.57,58.23,-22.32,-46.09
2023-12-11,15.69,6.12,Technology,31.33,-2.77,29.13,42.79,26.97,25.46,90.99,58.23,-22.9,-46.58
2023-12-12,16.51,6.6,Technology,33.07,-1.98,32.18,36.76,24.16,26.41,95.19,55.83,-22.0,-45.29
2023-12-13,18.25,7.92,Technology,31.14,0.99,32.73,43.23,30.65,26.41,96.95,59.11,-21.56,-41.7
2023-12-14,18.33,8.21,Technology,22.96,3.5,32.55,54.58,43.54,23.8,98.02,62.13,-17.35,-36.99
2023-12-15,18.04,8.06,Technology,22.97,4.13,33.65,64.7,45.18,25.28,100.23,62.04,-17.84,-35.23
2023-12-18,17.14,8.62,Technology,25.95,2.79,33.41,62.05,41.7,25.88,105.07,58.85,-18.14,-35.32
2023-12-19,17.65,9.16,Technology,27.09,2.37,34.61,68.59,39.27,26.07,103.14,59.82,-15.17,-32.65
2023-12-20,16.63,7.51,Technology,25.32,1.75,30.13,60.74,30.24,25.22,97.04,53.6,-16.21,-36.36
2023-12-21,16.55,8.36,Technology,26.16,3.96,34.38,66.04,34.12,26.16,100.63,56.62,-15.52,-34.66
2023-12-22,16.03,8.57,Technology,25.87,4.33,34.08,66.38,32.67,26.5,99.98,55.02,-15.32,-35.48
2023-12-26,15.76,8.94,Technology,25.77,5.32,37.73,67.89,31.5,26.52,101.81,57.42,-14.42,-30.68
2023-12-27,15.81,9.1,Technology,25.32,5.33,40.27,68.37,28.49,26.33,102.37,55.56,-13.19,-29.72
2023-12-28,16.02,9.11,Technology,25.21,5.25,42.84,69.13,28.69,26.72,102.8,56.36,-13.27,-29.8
2023-12-29,15.51,8.87,Technology,25.43,4.64,41.55,68.22,20.54,26.97,102.8,52.89,-15.13,-32.73
2024-01-02,11.94,8.16,Technology,21.62,0.64,32.5,66.86,17.97,24.84,95.5,46.78,-19.22,-35.51
2024-01-03,11.2,7.53,Technology,19.92,-2.29,29.42,62.31,15.76,24.75,93.08,42.47,-22.74,-38.55
2024-01-04,9.87,7.23,Technology,18.94,-1.56,30.07,61.24,19.14,23.87,94.82,43.88,-23.25,-38.35
2024-01-05,9.44,7.36,Technology,18.43,-1.3,32.52,61.78,16.43,23.81,99.27,41.5,-24.54,-37.14
2024-01-08,12.03,8.85,Technology,21.74,1.22,39.77,61.07,22.63,26.12,112.06,47.6,-21.94,-35.15
2024-01-09,11.78,8.62,Technology,22.91,1.44,42.27,61.82,20.79,26.49,115.66,45.12,-21.69,-40.31
2024-01-10,12.41,9.22,Technology,23.91,2.66,41.69,57.4,17.3,28.82,120.56,48.66,-23.51,-38.22
2024-01-11,12.05,9.19,Technology,25.25,3.43,41.26,55.43,12.16,29.44,122.48,47.69,-23.55,-42.06
2024-01-12,12.25,9.23,Technology,25.05,4.2,40.08,55.58,10.61,30.72,122.02,48.4,-25.1,-42.44
2024-01-16,10.88,8.92,Technology,25.29,3.8,49.96,44.63,6.44,31.32,128.8,46.36,-26.57,-43.25
2024-01-17,10.31,8.42,Technology,24.96,2.51,51.12,42.85,5.28,31.05,127.47,45.12,-27.98,-45.11
2024-01-18,13.87,9.22,Technology,24.46,3.66,53.15,43.04,4.02,32.52,131.74,45.21,-27.34,-45.29
2024-01-19,15.62,10.34,Technology,28.16,6.83,62.54,41.56,5.28,34.12,141.4,48.57,-25.8,-44.84
2024-01-22,17.01,10.55,Technology,26.51,7.75,57.63,45.41,13.71,33.4,142.06,55.83,-24.87,-43.05
2024-01-23,17.78,10.83,Technology,25.19,8.6,57.85,46.91,14.0,34.2,142.95,53.44,-25.41,-42.95
2024-01-24,17.37,10.91,Technology,27.11,8.54,67.1,44.41,7.41,35.42,148.98,48.31,-29.48,-45.03
2024-01-25,17.17,11.43,Technology,30.45,8.16,69.01,44.75,9.44,36.19,150.02,45.74,-29.33,-45.28
2024-01-26,16.13,11.37,Technology,28.66,8.72,66.12,43.4,6.83,35.87,147.64,44.77,-26.79,-44.9
2024-01-29,15.71,12.06,Technology,32.04,10.49,66.67,44.82,8.77,37.81,153.45,51.32,-22.3,-42.42
2024-01-30,13.5,11.99,Technology,31.56,10.17,62.08,44.56,3.72,37.43,154.33,48.22,-23.15,-44.23
2024-01-31,11.32,10.45,Technology,29.45,9.03,58.6,41.92,-0.35,33.76,150.79,42.47,-26.76,-46.08
2024-02-01,12.56,11.46,Technology,30.99,9.4,59.74,42.68,-0.63,35.18,152.28,43.79,-24.45,-45.95
2024-02-02,11.97,12.41,Technology,32.39,9.98,65.34,36.91,-0.34,37.62,161.01,49.79,-23.11,-44.53
2024-02-05,13.05,12.07,Technology,31.52,8.45,62.66,34.99,-4.15,35.8,169.85,47.18,-25.35,-46.79
2024-02-06,14.01,12.35,Technology,26.71,8.88,57.97,36.25,1.33,35.75,166.76,92.22,-24.07,-45.81
2024-02-07,14.07,13.07,Technology,28.5,10.48,60.23,40.41,1.04,38.15,171.99,107.36,-22.6,-45.03
2024-02-08,13.43,13.13,Technology,28.5,11.59,59.06,38.22,5.75,38.17,170.71,115.31,-22.02,-43.55
2024-02-09,13.74,13.64,Technology,30.84,13.45,61.37,46.19,8.25,39.97,177.66,114.18,-24.2,-42.87
2024-02-12,12.73,13.6,Technology,27.68,11.78,60.95,51.67,12.67,38.49,177.98,120.04,-22.01,-42.4
2024-02-13,11.48,12.17,Technology,25.63,9.99,60.64,46.99,2.25,35.76,177.74,110.92,-26.35,-44.06
2024-02-14,10.95,13.12,Technology,26.2,11.82,66.63,52.65,6.01,36.73,181.2,121.26,-23.62,-41.05
2024-02-15,10.77,13.8,Technology,23.27,11.51,65.01,54.13,6.78,35.83,178.78,123.19,-21.29,-40.87
2024-02-16,9.85,13.28,Technology,14.26,10.51,62.59,51.44,4.95,35.07,178.69,114.69,-25.61,-42.74
2024-02-20,9.4,12.73,Technology,13.28,9.49,55.74,47.86,3.02,34.68,172.52,105.58,-25.51,-45.89
2024-02-21,9.85,12.83,Technology,12.58,8.56,54.57,44.77,3.11,34.49,168.66,99.79,-26.93,-47.88
2024-02-22,11.08,14.94,Technology,12.39,10.07,69.28,39.68,6.59,37.39,190.24,107.24,-23.0,-47.56
2024-02-23,9.97,14.99,Technology,15.65,10.14,64.81,37.92,3.31,36.99,190.79,101.81,-10.68,-47.16
2024-02-26,9.16,14.61,Technology,17.1,10.19,64.38,39.54,9.0,36.13,191.33,106.98,-15.47,-44.18
2024-02-27,10.04,14.81,Technology,15.46,10.04,66.14,39.93,12.2,36.11,190.56,114.21,-12.03,-47.57
2024-02-28,9.32,14.65,Technology,15.32,9.39,64.85,44.03,9.2,36.19,188.54,113.39,-11.23,-50.48
2024-02-29,8.92,15.05,Technology,17.06,10.51,78.97,48.5,0.49,38.08,191.36,118.31,-10.05,-50.43
2024-03-01,8.12,15.81,Technology,18.92,12.79,86.36,51.58,3.33,38.0,194.08,115.14,-10.12,-50.22
2024-03-04,5.44,15.68,Technology,18.31,11.27,88.72,50.3,-2.09,37.81,199.74,108.62,-12.61,-53.36
2024-03-05,2.48,14.57,Technology,13.59,5.9,88.52,52.55,-9.0,33.88,201.14,106.78,-15.52,-53.56
2024-03-06,1.89,15.15,Technology,13.23,7.43,93.31,51.94,-3.72,33.7,206.38,125.58,-14.27,-53.28
2024-03-07,1.82,16.24,Technology,15.88,8.52,93.96,53.77,5.69,35.96,213.99,127.98,-12.36,-52.8
2024-03-08,2.84,15.57,Technology,14.99,7.73,90.49,54.73,4.83,35.02,204.14,124.62,-8.36,-53.28
2024-03-11,4.05,15.48,Technology,16.77,10.29,82.66,55.5,-4.97,34.48,200.77,119.1,-7.47,-53.21
2024-03-12,4.33,16.5,Technology,20.6,12.15,86.0,52.84,-4.19,37.98,215.65,114.47,-7.26,-55.12
2024-03-13,3.08,16.35,Technology,19.46,10.47,79.91,51.57,-6.51,37.92,213.16,116.61,-2.72,-54.78
2024-03-14,4.19,16.14,Technology,18.83,10.4,74.0,43.31,-10.66,41.22,206.03,112.55,-7.8,-55.08
2024-03-15,3.97,15.48,Technology,2.87,8.64,77.06,41.43,-9.6,38.35,205.77,105.86,-9.01,-54.93
2024-03-18,4.62,16.07,Technology,7.25,9.03,76.74,43.4,-7.38,38.64,207.27,109.49,-8.23,-54.97
2024-03-19,6.04,16.58,Technology,8.75,9.45,68.95,41.49,-10.28,39.98,209.7,107.9,-9.97,-55.09
2024-03-20,7.59,17.38,Technology,8.33,12.06,67.53,44.87,-6.99,41.24,212.22,114.0,-7.55,-53.11
2024-03-21,3.22,17.69,Technology,6.72,13.45,66.64,46.46,-8.54,42.59,214.97,113.37,-4.61,-52.39
2024-03-22,3.76,17.27,Technology,4.32,12.24,67.46,47.06,-8.83,42.39,222.34,110.91,-8.33,-53.39
2024-03-25,2.91,17.03,Technology,5.89,11.7,66.6,48.46,-7.28,40.46,224.18,113.53,-6.23,-53.03
2024-03-26,2.22,16.78,Technology,5.97,11.74,65.92,46.92,-11.55,40.06,217.87,116.69,-4.89,-53.89
2024-03-27,4.38,17.57,Technology,5.32,11.45,67.45,60.59,-7.28,39.99,211.91,113.53,-5.6,-53.39
2024-03-28,3.28,17.56,Technology,5.36,11.22,68.25,61.88,-3.02,39.76,212.18,101.06,-4.01,-53.89
2024-04-01,2.37,17.14,Technology,4.76,10.62,69.56,63.7,-2.97,40.31,208.54,98.09,-7.42,-53.11
2024-04-02,1.66,16.47,Technology,4.17,6.13,65.4,59.26,-9.03,39.3,205.83,96.91,-9.95,-53.73
2024-04-03,2.15,16.56,Technology,3.73,5.16,67.25,58.84,-9.41,38.98,204.38,96.74,-9.45,-54.58
2024-04-04,1.65,15.31,Technology,1.71,4.5,53.86,63.31,-11.33,38.14,195.27,94.89,-14.98,-55.34
2024-04-05,2.1,16.37,Technology,1.31,4.47,57.97,66.27,-10.47,40.62,201.53,98.93,-12.24,-55.27
2024-04-08,1.43,16.41,Technology,1.14,4.95,57.51,70.64,-18.55,40.32,198.93,99.27,-10.91,-53.8
2024-04-09,2.16,16.55,Technology,2.84,5.81,58.31,75.83,-18.26,40.87,193.23,97.64,-9.07,-52.28
2024-04-10,1.03,15.5,Technology,1.74,2.06,54.99,76.38,-22.13,39.89,198.63,94.31,-10.73,-54.31
2024-04-11,5.37,16.27,Technology,1.14,2.92,58.05,75.58,-19.81,41.41,210.08,97.9,-8.98,-54.08
2024-04-12,6.27,14.8,Technology,-0.95,1.21,51.48,73.72,-21.84,39.44,202.3,96.45,-12.45,-55.37
2024-04-15,3.97,13.46,Technology,-1.77,-1.89,48.79,67.55,-26.67,36.74,195.3,89.87,-16.38,-56.9
2024-04-16,1.99,13.26,Technology,-0.52,-2.47,51.67,64.82,-26.77,37.05,199.99,89.7,-16.79,-57.76
2024-04-17,1.16,12.6,Technology,-0.88,-8.1,43.01,69.5,-29.1,36.15,188.78,84.8,-16.37,-58.15
2024-04-18,0.59,12.36,Technology,-1.14,-9.91,43.98,65.97,-28.23,33.68,190.89,83.25,-18.02,-58.66
2024-04-19,-0.63,11.45,Technology,-2.82,-7.43,36.24,66.68,-30.95,32.0,162.8,77.57,-19.87,-59.6
2024-04-22,-0.13,12.38,Technology,-2.43,-7.16,38.08,67.86,-27.06,32.6,173.8,81.87,-18.54,-59.6
2024-04-23,0.51,13.77,Technology,-1.2,-6.82,41.42,71.48,-22.4,34.76,183.62,87.66,-14.44,-59.23
2024-04-24,1.78,13.69,Technology,-0.33,-8.07,40.93,68.99,-20.16,35.25,174.34,87.23,-15.78,-58.41
2024-04-25,2.3,13.23,Technology,-1.09,-7.47,42.79,66.66,-20.36,31.97,184.33,88.26,-17.19,-58.85
2024-04-26,1.95,14.34,Technology,-0.24,-6.82,46.15,70.18,-12.68,34.35,201.57,95.26,-15.27,-57.42
2024-04-29,4.47,14.73,Technology,-1.16,-7.31,48.73,72.17,-13.16,33.02,201.64,97.93,-14.33,-55.91
2024-04-30,2.57,12.94,Technology,-3.27,-8.98,47.05,68.51,-16.76,28.8,197.03,90.49,-16.95,-57.18
2024-05-01,1.91,12.36,Technology,-1.89,-9.72,33.44,68.37,-14.56,30.11,182.43,90.24,-23.53,-55.73
2024-05-02,4.11,13.38,Technology,-0.44,-10.04,35.15,70.7,-12.17,31.05,191.73,93.89,-19.67,-56.4
2024-05-03,10.22,14.75,Technology,1.5,-7.85,39.19,79.46,-12.75,33.88,201.68,100.53,-20.6,-55.4
2024-05-06,9.23,15.88,Technology,3.0,-7.22,43.89,81.26,-9.5,36.09,212.91,116.52,-16.07,-54.1
2024-05-07,9.64,16.04,Technology,2.73,-8.1,42.65,82.0,-15.77,34.73,207.56,83.96,-18.24,-54.4
2024-05-08,9.84,16.05,Technology,1.88,-8.38,41.91,78.58,-14.32,35.12,207.08,85.33,-18.76,-56.55
2024-05-09,10.93,16.7,Technology,0.77,-6.41,40.79,81.08,-10.27,35.69,201.47,81.74,-16.44,-56.45
2024-05-10,10.03,16.85,Technology,0.69,-6.77,40.36,78.87,-15.0,36.48,205.28,77.12,-18.57,-60.81
2024-05-13,11.95,16.85,Technology,0.86,-7.24,39.12,77.56,-14.42,36.15,207.04,80.03,-20.34,-59.04
2024-05-14,12.63,17.4,Technology,-0.62,-7.59,41.5,75.25,-10.05,37.07,210.28,84.31,-18.68,-58.44
2024-05-15,14.0,18.81,Technology,1.32,-5.72,47.49,79.71,-12.19,39.19,221.35,86.29,-18.32,-59.6
2024-05-16,14.07,18.58,Technology,0.81,-5.64,50.2,82.14,-15.0,38.51,220.44,86.11,-18.06,-60.11
2024-05-17,14.09,18.76,Technology,0.93,-5.31,51.9,84.81,-14.32,38.26,214.08,87.06,-17.48,-60.86
2024-05-20,14.79,18.87,Technology,1.19,-5.23,53.61,83.68,-13.35,39.93,221.86,85.86,-16.03,-61.58
2024-05-21,15.57,19.19,Technology,0.6,-5.7,52.07,98.15,-17.25,41.13,223.61,82.6,-18.34,-62.85
2024-05-22,14.7,18.84,Technology,1.03,-5.84,52.86,134.52,-16.08,41.62,222.35,82.0,-23.07,-63.05
2024-05-23,12.3,17.97,Technology,0.9,-7.87,48.17,132.74,-18.8,40.47,247.85,78.13,-23.89,-64.57
2024-05-24,14.15,18.76,Technology,-0.72,-7.99,53.63,157.44,-17.73,41.5,255.55,80.62,-24.21,-64.93
2024-05-28,14.16,18.86,Technology,-0.11,-9.87,58.47,160.58,-19.19,41.55,276.96,80.97,-24.5,-65.5
2024-05-29,14.34,18.03,Technology,-0.28,-10.7,52.51,158.77,-20.55,41.18,279.63,80.02,-25.09,-66.1
2024-05-30,14.94,17.25,Technology,-6.83,-14.33,53.99,157.48,-18.02,36.46,267.16,86.8,-25.71,-67.05
2024-05-31,15.51,18.26,Technology,-7.06,-13.63,54.13,152.87,-20.46,36.61,264.66,86.37,-26.77,-66.96
2024-06-03,16.3,18.08,Technology,-8.1,-9.55,50.2,151.19,-23.66,35.48,275.46,81.89,-26.08,-66.26
2024-06-04,16.49,18.22,Technology,-6.18,-9.06,46.96,145.17,-24.33,36.3,278.32,88.51,-26.14,-66.41
2024-06-05,17.39,19.6,Technology,-4.66,-7.25,52.58,151.5,-22.2,38.86,290.27,95.81,-25.52,-66.99
2024-06-06,16.57,19.58,Technology,-4.18,-7.42,53.14,151.86,-23.17,39.03,287.4,102.85,-23.71,-66.26
2024-06-07,17.99,19.43,Technology,-2.69,-7.35,54.13,146.24,-22.88,38.81,287.18,98.78,-25.18,-67.64
2024-06-10,15.76,19.81,Technology,-3.81,-6.44,47.27,157.7,-19.39,40.1,288.97,97.25,-26.04,-66.37
2024-06-11,22.86,20.08,Technology,-3.25,-9.28,46.01,169.2,-22.8,41.67,287.48,103.38,-26.24,-67.11
2024-06-12,25.85,21.06,Technology,-3.83,-4.4,47.18,174.02,-22.02,44.38,291.12,102.7,-25.71,-66.48
2024-06-13,26.45,21.28,Technology,-4.06,-4.37,46.87,166.88,-24.36,44.55,294.86,98.44,-28.3,-68.56
2024-06-14,25.56,21.38,Technology,9.6,-3.19,46.63,152.87,-24.46,44.87,296.78,100.99,-28.53,-69.26
2024-06-17,27.68,22.32,Technology,8.25,3.01,45.5,143.29,-25.83,46.76,296.02,113.33,-28.14,-69.15
2024-06-18,26.83,22.64,Technology,8.97,4.55,42.06,144.18,-29.25,46.1,302.96,120.15,-28.82,-69.86
2024-06-20,25.2,22.31,Technology,9.11,4.29,48.6,142.22,-33.26,45.89,295.72,117.93,-27.86,-70.88
2024-06-21,25.72,22.22,Technology,10.43,2.42,47.91,143.95,-36.77,47.21,289.37,107.36,-28.4,-70.91
